id,questionSet,category,difficulty,season,grandPrix,topicKey,question,choice1,choice2,choice3,choice4,answer,explanation,sources
gpq_10001,F1レース別出来事・マニア,F1レース別出来事,5,1990,日本GP,race|1990|日本GP|セナとプロストの1コーナー接触,1990年日本GPで起きた出来事として正しいものは？,スタート直後にセナとプロストが接触し、タイトル争いが決着した,全車が給油違反で失格になった,雨でレースが中止された,フェラーリが1-2で独走した,0,1990年日本GPはセナとプロストの接触により、タイトル争いを象徴する一戦になりました。,Formula 1 Official Results Archive 1990 races - https://www.formula1.com/en/results/1990/races | Honda Racing F1 1990 archive - https://global.honda/en/F1/race/1990/
gpq_10002,F1レース別出来事・マニア,F1レース別出来事,5,1990,日本GP,race|1990|日本GP|セナとプロストの1コーナー接触,マニア向け：1990年日本GPの重要トピックは？,雨でレースが中止された,スタート直後にセナとプロストが接触し、タイトル争いが決着した,全車が給油違反で失格になった,フェラーリが1-2で独走した,1,1990年日本GPはセナとプロストの接触により、タイトル争いを象徴する一戦になりました。,Formula 1 Official Results Archive 1990 races - https://www.formula1.com/en/results/1990/races | Honda Racing F1 1990 archive - https://global.honda/en/F1/race/1990/
gpq_10003,F1レース別出来事・マニア,F1レース別出来事,5,1990,日本GP,race|1990|日本GP|セナとプロストの1コーナー接触,レース別出来事：1990年日本GPを象徴する内容は？,フェラーリが1-2で独走した,全車が給油違反で失格になった,雨でレースが中止された,スタート直後にセナとプロストが接触し、タイトル争いが決着した,3,1990年日本GPはセナとプロストの接触により、タイトル争いを象徴する一戦になりました。,Formula 1 Official Results Archive 1990 races - https://www.formula1.com/en/results/1990/races | Honda Racing F1 1990 archive - https://global.honda/en/F1/race/1990/
gpq_10004,F1レース別出来事・マニア,F1レース別リザルト,3,1990,オーストラリアGP,race|1990|オーストラリアGP|最終戦でピケが勝利,1990年オーストラリアGPで起きた出来事として正しいものは？,ネルソン・ピケが勝利した,アラン・プロストが初タイトルを決めた,アイルトン・セナが完走優勝した,ミハエル・シューマッハがF1初優勝した,0,1990年オーストラリアGPの公式結果ではネルソン・ピケが勝者として記録されています。,Formula 1 Official Results Archive 1990 races - https://www.formula1.com/en/results/1990/races
gpq_10005,F1レース別出来事・マニア,F1レース別リザルト,4,1990,オーストラリアGP,race|1990|オーストラリアGP|最終戦でピケが勝利,マニア向け：1990年オーストラリアGPの重要トピックは？,ミハエル・シューマッハがF1初優勝した,ネルソン・ピケが勝利した,アラン・プロストが初タイトルを決めた,アイルトン・セナが完走優勝した,1,1990年オーストラリアGPの公式結果ではネルソン・ピケが勝者として記録されています。,Formula 1 Official Results Archive 1990 races - https://www.formula1.com/en/results/1990/races
gpq_10006,F1レース別出来事・マニア,F1レース別リザルト,3,1990,オーストラリアGP,race|1990|オーストラリアGP|最終戦でピケが勝利,レース別出来事：1990年オーストラリアGPを象徴する内容は？,ネルソン・ピケが勝利した,アラン・プロストが初タイトルを決めた,ミハエル・シューマッハがF1初優勝した,アイルトン・セナが完走優勝した,0,1990年オーストラリアGPの公式結果ではネルソン・ピケが勝者として記録されています。,Formula 1 Official Results Archive 1990 races - https://www.formula1.com/en/results/1990/races
gpq_10007,F1レース別出来事・マニア,F1レース別出来事,4,1991,ブラジルGP,race|1991|ブラジルGP|セナ母国初優勝,1991年ブラジルGPで起きた出来事として正しいものは？,ピットレーンスタートから全車周回遅れにした,雨で半周だけ行われた,全車がスリック禁止になった,アイルトン・セナがギアトラブルを抱えながら母国初優勝した,3,1991年ブラジルGPは、セナの母国初優勝として語られる名レースです。,Formula 1 Official Results Archive - https://www.formula1.com/en/results.html
gpq_10008,F1レース別出来事・マニア,F1レース別出来事,5,1991,ブラジルGP,race|1991|ブラジルGP|セナ母国初優勝,マニア向け：1991年ブラジルGPの重要トピックは？,全車がスリック禁止になった,ピットレーンスタートから全車周回遅れにした,アイルトン・セナがギアトラブルを抱えながら母国初優勝した,雨で半周だけ行われた,2,1991年ブラジルGPは、セナの母国初優勝として語られる名レースです。,Formula 1 Official Results Archive - https://www.formula1.com/en/results.html
gpq_10009,F1レース別出来事・マニア,F1レース別出来事,4,1991,ブラジルGP,race|1991|ブラジルGP|セナ母国初優勝,レース別出来事：1991年ブラジルGPを象徴する内容は？,アイルトン・セナがギアトラブルを抱えながら母国初優勝した,ピットレーンスタートから全車周回遅れにした,雨で半周だけ行われた,全車がスリック禁止になった,0,1991年ブラジルGPは、セナの母国初優勝として語られる名レースです。,Formula 1 Official Results Archive - https://www.formula1.com/en/results.html
gpq_10010,F1レース別出来事・マニア,F1レース別出来事,4,1992,モナコGP,race|1992|モナコGP|マンセルとセナの終盤攻防,1992年モナコGPで起きた出来事として正しいものは？,マンセルが周回遅れで優勝した,セナがスタートできなかった,マンセルがタイヤ交換後にセナを猛追したが抜けなかった,全車が赤旗で順位消滅した,2,1992年モナコGPは、終盤のマンセル対セナの攻防で有名です。,Formula 1 Official Results Archive - https://www.formula1.com/en/results.html
gpq_10011,F1レース別出来事・マニア,F1レース別出来事,5,1992,モナコGP,race|1992|モナコGP|マンセルとセナの終盤攻防,マニア向け：1992年モナコGPの重要トピックは？,マンセルがタイヤ交換後にセナを猛追したが抜けなかった,セナがスタートできなかった,マンセルが周回遅れで優勝した,全車が赤旗で順位消滅した,0,1992年モナコGPは、終盤のマンセル対セナの攻防で有名です。,Formula 1 Official Results Archive - https://www.formula1.com/en/results.html
gpq_10012,F1レース別出来事・マニア,F1レース別出来事,4,1992,モナコGP,race|1992|モナコGP|マンセルとセナの終盤攻防,レース別出来事：1992年モナコGPを象徴する内容は？,マンセルがタイヤ交換後にセナを猛追したが抜けなかった,マンセルが周回遅れで優勝した,セナがスタートできなかった,全車が赤旗で順位消滅した,0,1992年モナコGPは、終盤のマンセル対セナの攻防で有名です。,Formula 1 Official Results Archive - https://www.formula1.com/en/results.html
gpq_10013,F1レース別出来事・マニア,F1雨の名レース,5,1993,ヨーロッパGP,race|1993|ヨーロッパGP|雨のドニントン,1993年ヨーロッパGPで起きた出来事として正しいものは？,セナが雨のオープニングラップで驚異的な追い上げを見せた,全車がドライタイヤのみで走った,セーフティカーだけで全周回が終わった,予選だけで優勝が決まった,0,1993年ヨーロッパGPは雨のドニントンとして知られ、セナの名レースに数えられます。,Formula 1 Official Results Archive - https://www.formula1.com/en/results.html
gpq_10014,F1レース別出来事・マニア,F1雨の名レース,5,1993,ヨーロッパGP,race|1993|ヨーロッパGP|雨のドニントン,マニア向け：1993年ヨーロッパGPの重要トピックは？,全車がドライタイヤのみで走った,セナが雨のオープニングラップで驚異的な追い上げを見せた,予選だけで優勝が決まった,セーフティカーだけで全周回が終わった,1,1993年ヨーロッパGPは雨のドニントンとして知られ、セナの名レースに数えられます。,Formula 1 Official Results Archive - https://www.formula1.com/en/results.html
gpq_10015,F1レース別出来事・マニア,F1雨の名レース,5,1993,ヨーロッパGP,race|1993|ヨーロッパGP|雨のドニントン,レース別出来事：1993年ヨーロッパGPを象徴する内容は？,全車がドライタイヤのみで走った,セナが雨のオープニングラップで驚異的な追い上げを見せた,セーフティカーだけで全周回が終わった,予選だけで優勝が決まった,1,1993年ヨーロッパGPは雨のドニントンとして知られ、セナの名レースに数えられます。,Formula 1 Official Results Archive - https://www.formula1.com/en/results.html
gpq_10016,F1レース別出来事・マニア,F1安全史・重大事故,5,1994,サンマリノGP,race|1994|サンマリノGP|悲劇の週末,1994年サンマリノGPで起きた出来事として正しいものは？,アイルトン・セナとローランド・ラッツェンバーガーが事故で亡くなった,全車が無事故で完走した,給油が初めて禁止された,F1初のナイトレースだった,0,1994年サンマリノGPはF1安全史における重大な転換点です。,Formula 1 Official Results Archive - https://www.formula1.com/en/results.html
gpq_10017,F1レース別出来事・マニア,F1安全史・重大事故,5,1994,サンマリノGP,race|1994|サンマリノGP|悲劇の週末,マニア向け：1994年サンマリノGPの重要トピックは？,全車が無事故で完走した,給油が初めて禁止された,アイルトン・セナとローランド・ラッツェンバーガーが事故で亡くなった,F1初のナイトレースだった,2,1994年サンマリノGPはF1安全史における重大な転換点です。,Formula 1 Official Results Archive - https://www.formula1.com/en/results.html
gpq_10018,F1レース別出来事・マニア,F1安全史・重大事故,5,1994,サンマリノGP,race|1994|サンマリノGP|悲劇の週末,レース別出来事：1994年サンマリノGPを象徴する内容は？,アイルトン・セナとローランド・ラッツェンバーガーが事故で亡くなった,F1初のナイトレースだった,全車が無事故で完走した,給油が初めて禁止された,0,1994年サンマリノGPはF1安全史における重大な転換点です。,Formula 1 Official Results Archive - https://www.formula1.com/en/results.html
gpq_10019,F1レース別出来事・マニア,F1タイトル決定戦,5,1994,オーストラリアGP,race|1994|オーストラリアGP|シューマッハとヒルの接触,1994年オーストラリアGPで起きた出来事として正しいものは？,タイトル争いのシューマッハとヒルが接触した,マンセルがF1初出走した,セナが年間王者を決めた,全車がピットスタートになった,0,1994年最終戦はタイトル争いの接触として語られます。,Formula 1 Official Results Archive - https://www.formula1.com/en/results.html
gpq_10020,F1レース別出来事・マニア,F1タイトル決定戦,5,1994,オーストラリアGP,race|1994|オーストラリアGP|シューマッハとヒルの接触,マニア向け：1994年オーストラリアGPの重要トピックは？,セナが年間王者を決めた,タイトル争いのシューマッハとヒルが接触した,全車がピットスタートになった,マンセルがF1初出走した,1,1994年最終戦はタイトル争いの接触として語られます。,Formula 1 Official Results Archive - https://www.formula1.com/en/results.html
gpq_10021,F1レース別出来事・マニア,F1タイトル決定戦,5,1994,オーストラリアGP,race|1994|オーストラリアGP|シューマッハとヒルの接触,レース別出来事：1994年オーストラリアGPを象徴する内容は？,セナが年間王者を決めた,全車がピットスタートになった,マンセルがF1初出走した,タイトル争いのシューマッハとヒルが接触した,3,1994年最終戦はタイトル争いの接触として語られます。,Formula 1 Official Results Archive - https://www.formula1.com/en/results.html
gpq_10022,F1レース別出来事・マニア,F1レース別出来事,4,1995,ベルギーGP,race|1995|ベルギーGP|シューマッハの追い上げ,1995年ベルギーGPで起きた出来事として正しいものは？,モナコで開催された,ミハエル・シューマッハが下位グリッドから勝利した,全車が同時にリタイアした,予選結果だけで決着した,1,1995年ベルギーGPはシューマッハのスパでの強さを示す一戦として知られます。,Formula 1 Official Results Archive - https://www.formula1.com/en/results.html
gpq_10023,F1レース別出来事・マニア,F1レース別出来事,5,1995,ベルギーGP,race|1995|ベルギーGP|シューマッハの追い上げ,マニア向け：1995年ベルギーGPの重要トピックは？,予選結果だけで決着した,ミハエル・シューマッハが下位グリッドから勝利した,全車が同時にリタイアした,モナコで開催された,1,1995年ベルギーGPはシューマッハのスパでの強さを示す一戦として知られます。,Formula 1 Official Results Archive - https://www.formula1.com/en/results.html
gpq_10024,F1レース別出来事・マニア,F1レース別出来事,4,1995,ベルギーGP,race|1995|ベルギーGP|シューマッハの追い上げ,レース別出来事：1995年ベルギーGPを象徴する内容は？,ミハエル・シューマッハが下位グリッドから勝利した,モナコで開催された,全車が同時にリタイアした,予選結果だけで決着した,0,1995年ベルギーGPはシューマッハのスパでの強さを示す一戦として知られます。,Formula 1 Official Results Archive - https://www.formula1.com/en/results.html
gpq_10025,F1レース別出来事・マニア,F1波乱のレース,4,1996,モナコGP,race|1996|モナコGP|パニス優勝,1996年モナコGPで起きた出来事として正しいものは？,予選で優勝が決まった,全車がノーピットで完走した,オリビエ・パニスが波乱のレースを制した,ミハエル・シューマッハが全車周回遅れにした,2,1996年モナコGPは完走台数の少ない波乱の一戦として知られます。,Formula 1 Official Results Archive - https://www.formula1.com/en/results.html
gpq_10026,F1レース別出来事・マニア,F1波乱のレース,5,1996,モナコGP,race|1996|モナコGP|パニス優勝,マニア向け：1996年モナコGPの重要トピックは？,オリビエ・パニスが波乱のレースを制した,ミハエル・シューマッハが全車周回遅れにした,全車がノーピットで完走した,予選で優勝が決まった,0,1996年モナコGPは完走台数の少ない波乱の一戦として知られます。,Formula 1 Official Results Archive - https://www.formula1.com/en/results.html
gpq_10027,F1レース別出来事・マニア,F1波乱のレース,4,1996,モナコGP,race|1996|モナコGP|パニス優勝,レース別出来事：1996年モナコGPを象徴する内容は？,ミハエル・シューマッハが全車周回遅れにした,全車がノーピットで完走した,オリビエ・パニスが波乱のレースを制した,予選で優勝が決まった,2,1996年モナコGPは完走台数の少ない波乱の一戦として知られます。,Formula 1 Official Results Archive - https://www.formula1.com/en/results.html
gpq_10028,F1レース別出来事・マニア,F1タイトル決定戦,5,1997,ヨーロッパGP,race|1997|ヨーロッパGP|ヘレスのタイトル決着,1997年ヨーロッパGPで起きた出来事として正しいものは？,セナとプロストが接触した,雨で中止された,シューマッハとジャック・ヴィルヌーヴの接触があった,ベッテルが4連覇を決めた,2,1997年ヘレスはタイトル争いと接触で非常に有名です。,Formula 1 Official Results Archive - https://www.formula1.com/en/results.html
gpq_10029,F1レース別出来事・マニア,F1タイトル決定戦,5,1997,ヨーロッパGP,race|1997|ヨーロッパGP|ヘレスのタイトル決着,マニア向け：1997年ヨーロッパGPの重要トピックは？,シューマッハとジャック・ヴィルヌーヴの接触があった,セナとプロストが接触した,雨で中止された,ベッテルが4連覇を決めた,0,1997年ヘレスはタイトル争いと接触で非常に有名です。,Formula 1 Official Results Archive - https://www.formula1.com/en/results.html
gpq_10030,F1レース別出来事・マニア,F1タイトル決定戦,5,1997,ヨーロッパGP,race|1997|ヨーロッパGP|ヘレスのタイトル決着,レース別出来事：1997年ヨーロッパGPを象徴する内容は？,ベッテルが4連覇を決めた,シューマッハとジャック・ヴィルヌーヴの接触があった,雨で中止された,セナとプロストが接触した,1,1997年ヘレスはタイトル争いと接触で非常に有名です。,Formula 1 Official Results Archive - https://www.formula1.com/en/results.html
gpq_10031,F1レース別出来事・マニア,F1波乱のレース,5,1998,ベルギーGP,race|1998|ベルギーGP|多重クラッシュとジョーダン初勝利,1998年ベルギーGPで起きた出来事として正しいものは？,初のスプリントが行われた,全車ノーピットで終えた,フェラーリがF1撤退を発表した,大混乱の中でジョーダンが初優勝した,3,1998年ベルギーGPはスタート直後の多重クラッシュとジョーダン初勝利で知られます。,Formula 1 Official Results Archive - https://www.formula1.com/en/results.html
gpq_10032,F1レース別出来事・マニア,F1波乱のレース,5,1998,ベルギーGP,race|1998|ベルギーGP|多重クラッシュとジョーダン初勝利,マニア向け：1998年ベルギーGPの重要トピックは？,初のスプリントが行われた,全車ノーピットで終えた,フェラーリがF1撤退を発表した,大混乱の中でジョーダンが初優勝した,3,1998年ベルギーGPはスタート直後の多重クラッシュとジョーダン初勝利で知られます。,Formula 1 Official Results Archive - https://www.formula1.com/en/results.html
gpq_10033,F1レース別出来事・マニア,F1波乱のレース,5,1998,ベルギーGP,race|1998|ベルギーGP|多重クラッシュとジョーダン初勝利,レース別出来事：1998年ベルギーGPを象徴する内容は？,初のスプリントが行われた,大混乱の中でジョーダンが初優勝した,フェラーリがF1撤退を発表した,全車ノーピットで終えた,1,1998年ベルギーGPはスタート直後の多重クラッシュとジョーダン初勝利で知られます。,Formula 1 Official Results Archive - https://www.formula1.com/en/results.html
gpq_10034,F1レース別出来事・マニア,F1波乱のレース,4,1999,ヨーロッパGP,race|1999|ヨーロッパGP|ハーバート優勝の波乱,1999年ヨーロッパGPで起きた出来事として正しいものは？,全車が同じチームだった,セナが母国初優勝した,ジョニー・ハーバートがスチュワートに初勝利をもたらした,フェルスタッペンが初タイトルを決めた,2,1999年ヨーロッパGPは天候や戦略が絡んだ波乱の一戦です。,Formula 1 Official Results Archive - https://www.formula1.com/en/results.html
gpq_10035,F1レース別出来事・マニア,F1波乱のレース,5,1999,ヨーロッパGP,race|1999|ヨーロッパGP|ハーバート優勝の波乱,マニア向け：1999年ヨーロッパGPの重要トピックは？,ジョニー・ハーバートがスチュワートに初勝利をもたらした,フェルスタッペンが初タイトルを決めた,セナが母国初優勝した,全車が同じチームだった,0,1999年ヨーロッパGPは天候や戦略が絡んだ波乱の一戦です。,Formula 1 Official Results Archive - https://www.formula1.com/en/results.html
gpq_10036,F1レース別出来事・マニア,F1波乱のレース,4,1999,ヨーロッパGP,race|1999|ヨーロッパGP|ハーバート優勝の波乱,レース別出来事：1999年ヨーロッパGPを象徴する内容は？,全車が同じチームだった,ジョニー・ハーバートがスチュワートに初勝利をもたらした,セナが母国初優勝した,フェルスタッペンが初タイトルを決めた,1,1999年ヨーロッパGPは天候や戦略が絡んだ波乱の一戦です。,Formula 1 Official Results Archive - https://www.formula1.com/en/results.html
gpq_10037,F1レース別出来事・マニア,F1タイトル決定戦,4,2000,日本GP,race|2000|日本GP|シューマッハがフェラーリで王座決定,2000年日本GPで起きた出来事として正しいものは？,全車失格になった,ミハエル・シューマッハがフェラーリでドライバーズタイトルを決めた,セナがマクラーレンで王座を決めた,プロストが現役復帰した,1,2000年日本GPはフェラーリにとって長い待望を終わらせたタイトル決定戦です。,Formula 1 Official Results Archive - https://www.formula1.com/en/results.html
gpq_10038,F1レース別出来事・マニア,F1タイトル決定戦,5,2000,日本GP,race|2000|日本GP|シューマッハがフェラーリで王座決定,マニア向け：2000年日本GPの重要トピックは？,ミハエル・シューマッハがフェラーリでドライバーズタイトルを決めた,プロストが現役復帰した,セナがマクラーレンで王座を決めた,全車失格になった,0,2000年日本GPはフェラーリにとって長い待望を終わらせたタイトル決定戦です。,Formula 1 Official Results Archive - https://www.formula1.com/en/results.html
gpq_10039,F1レース別出来事・マニア,F1タイトル決定戦,4,2000,日本GP,race|2000|日本GP|シューマッハがフェラーリで王座決定,レース別出来事：2000年日本GPを象徴する内容は？,セナがマクラーレンで王座を決めた,ミハエル・シューマッハがフェラーリでドライバーズタイトルを決めた,プロストが現役復帰した,全車失格になった,1,2000年日本GPはフェラーリにとって長い待望を終わらせたタイトル決定戦です。,Formula 1 Official Results Archive - https://www.formula1.com/en/results.html
gpq_10040,F1レース別出来事・マニア,F1雨の名レース,4,2001,マレーシアGP,race|2001|マレーシアGP|雨とフェラーリの逆転,2001年マレーシアGPで起きた出来事として正しいものは？,モナコで開催された,スタート前に全車リタイアした,全車がドライタイヤで一度も滑らなかった,フェラーリ勢が雨で大きく順位を落とした後に巻き返した,3,2001年マレーシアGPは雨と戦略が絡んだフェラーリの印象的なレースです。,Formula 1 Official Results Archive - https://www.formula1.com/en/results.html
gpq_10041,F1レース別出来事・マニア,F1雨の名レース,5,2001,マレーシアGP,race|2001|マレーシアGP|雨とフェラーリの逆転,マニア向け：2001年マレーシアGPの重要トピックは？,スタート前に全車リタイアした,フェラーリ勢が雨で大きく順位を落とした後に巻き返した,モナコで開催された,全車がドライタイヤで一度も滑らなかった,1,2001年マレーシアGPは雨と戦略が絡んだフェラーリの印象的なレースです。,Formula 1 Official Results Archive - https://www.formula1.com/en/results.html
gpq_10042,F1レース別出来事・マニア,F1雨の名レース,4,2001,マレーシアGP,race|2001|マレーシアGP|雨とフェラーリの逆転,レース別出来事：2001年マレーシアGPを象徴する内容は？,スタート前に全車リタイアした,全車がドライタイヤで一度も滑らなかった,フェラーリ勢が雨で大きく順位を落とした後に巻き返した,モナコで開催された,2,2001年マレーシアGPは雨と戦略が絡んだフェラーリの印象的なレースです。,Formula 1 Official Results Archive - https://www.formula1.com/en/results.html
gpq_10043,F1レース別出来事・マニア,F1チームオーダー・無線,4,2002,オーストリアGP,race|2002|オーストリアGP|チームオーダー騒動,2002年オーストリアGPで起きた出来事として正しいものは？,バリチェロが終盤にシューマッハへ勝利を譲る形になった,スプリントが初開催された,セナとプロストが接触した,ハミルトンが初優勝した,0,2002年オーストリアGPはチームオーダーを巡る大きな議論を呼びました。,Formula 1 Official Results Archive - https://www.formula1.com/en/results.html
gpq_10044,F1レース別出来事・マニア,F1チームオーダー・無線,5,2002,オーストリアGP,race|2002|オーストリアGP|チームオーダー騒動,マニア向け：2002年オーストリアGPの重要トピックは？,ハミルトンが初優勝した,バリチェロが終盤にシューマッハへ勝利を譲る形になった,セナとプロストが接触した,スプリントが初開催された,1,2002年オーストリアGPはチームオーダーを巡る大きな議論を呼びました。,Formula 1 Official Results Archive - https://www.formula1.com/en/results.html
gpq_10045,F1レース別出来事・マニア,F1チームオーダー・無線,4,2002,オーストリアGP,race|2002|オーストリアGP|チームオーダー騒動,レース別出来事：2002年オーストリアGPを象徴する内容は？,ハミルトンが初優勝した,セナとプロストが接触した,スプリントが初開催された,バリチェロが終盤にシューマッハへ勝利を譲る形になった,3,2002年オーストリアGPはチームオーダーを巡る大きな議論を呼びました。,Formula 1 Official Results Archive - https://www.formula1.com/en/results.html
gpq_10046,F1レース別出来事・マニア,F1波乱のレース,5,2003,ブラジルGP,race|2003|ブラジルGP|赤旗と勝者訂正,2003年ブラジルGPで起きた出来事として正しいものは？,全車が同時ピットインした,予選だけで決着した,燃料搭載が完全自由化された,赤旗終了後の集計によりフィジケラの初勝利となった,3,2003年ブラジルGPは混乱した赤旗終了と勝者認定で知られます。,Formula 1 Official Results Archive - https://www.formula1.com/en/results.html
gpq_10047,F1レース別出来事・マニア,F1波乱のレース,5,2003,ブラジルGP,race|2003|ブラジルGP|赤旗と勝者訂正,マニア向け：2003年ブラジルGPの重要トピックは？,予選だけで決着した,全車が同時ピットインした,赤旗終了後の集計によりフィジケラの初勝利となった,燃料搭載が完全自由化された,2,2003年ブラジルGPは混乱した赤旗終了と勝者認定で知られます。,Formula 1 Official Results Archive - https://www.formula1.com/en/results.html
gpq_10048,F1レース別出来事・マニア,F1波乱のレース,5,2003,ブラジルGP,race|2003|ブラジルGP|赤旗と勝者訂正,レース別出来事：2003年ブラジルGPを象徴する内容は？,燃料搭載が完全自由化された,赤旗終了後の集計によりフィジケラの初勝利となった,予選だけで決着した,全車が同時ピットインした,1,2003年ブラジルGPは混乱した赤旗終了と勝者認定で知られます。,Formula 1 Official Results Archive - https://www.formula1.com/en/results.html
gpq_10049,F1レース別出来事・マニア,F1日本人ドライバー,3,2004,アメリカGP,race|2004|アメリカGP|佐藤琢磨表彰台,2004年アメリカGPで起きた出来事として正しいものは？,小林可夢偉が初優勝した,中嶋悟が初PPを獲得した,鈴木亜久里が王者になった,佐藤琢磨が3位表彰台を獲得した,3,2004年アメリカGPは佐藤琢磨の表彰台で日本のファンにも印象深いレースです。,Formula 1 Official Results Archive - https://www.formula1.com/en/results.html
gpq_10050,F1レース別出来事・マニア,F1日本人ドライバー,4,2004,アメリカGP,race|2004|アメリカGP|佐藤琢磨表彰台,マニア向け：2004年アメリカGPの重要トピックは？,鈴木亜久里が王者になった,小林可夢偉が初優勝した,中嶋悟が初PPを獲得した,佐藤琢磨が3位表彰台を獲得した,3,2004年アメリカGPは佐藤琢磨の表彰台で日本のファンにも印象深いレースです。,Formula 1 Official Results Archive - https://www.formula1.com/en/results.html
gpq_10051,F1レース別出来事・マニア,F1日本人ドライバー,3,2004,アメリカGP,race|2004|アメリカGP|佐藤琢磨表彰台,レース別出来事：2004年アメリカGPを象徴する内容は？,中嶋悟が初PPを獲得した,佐藤琢磨が3位表彰台を獲得した,小林可夢偉が初優勝した,鈴木亜久里が王者になった,1,2004年アメリカGPは佐藤琢磨の表彰台で日本のファンにも印象深いレースです。,Formula 1 Official Results Archive - https://www.formula1.com/en/results.html
gpq_10052,F1レース別出来事・マニア,F1ペナルティ・失格・騒動,5,2005,アメリカGP,race|2005|アメリカGP|ミシュラン勢不出走,2005年アメリカGPで起きた出来事として正しいものは？,全チームが同一タイヤだった,F1初のスプリントが開催された,全車が雨用タイヤで完走した,タイヤ安全問題でミシュラン勢が決勝を走らなかった,3,2005年アメリカGPはタイヤ問題により極端に少ない台数で行われました。,Formula 1 Official Results Archive - https://www.formula1.com/en/results.html
gpq_10053,F1レース別出来事・マニア,F1ペナルティ・失格・騒動,5,2005,アメリカGP,race|2005|アメリカGP|ミシュラン勢不出走,マニア向け：2005年アメリカGPの重要トピックは？,全チームが同一タイヤだった,F1初のスプリントが開催された,タイヤ安全問題でミシュラン勢が決勝を走らなかった,全車が雨用タイヤで完走した,2,2005年アメリカGPはタイヤ問題により極端に少ない台数で行われました。,Formula 1 Official Results Archive - https://www.formula1.com/en/results.html
gpq_10054,F1レース別出来事・マニア,F1ペナルティ・失格・騒動,5,2005,アメリカGP,race|2005|アメリカGP|ミシュラン勢不出走,レース別出来事：2005年アメリカGPを象徴する内容は？,タイヤ安全問題でミシュラン勢が決勝を走らなかった,全チームが同一タイヤだった,F1初のスプリントが開催された,全車が雨用タイヤで完走した,0,2005年アメリカGPはタイヤ問題により極端に少ない台数で行われました。,Formula 1 Official Results Archive - https://www.formula1.com/en/results.html
gpq_10055,F1レース別出来事・マニア,F1雨の名レース,4,2006,ハンガリーGP,race|2006|ハンガリーGP|バトン初優勝,2006年ハンガリーGPで起きた出来事として正しいものは？,ジェンソン・バトンがF1初優勝した,フェラーリが撤退した,セナが初タイトルを決めた,給油が禁止された,0,2006年ハンガリーGPは雨絡みの展開でバトンが初優勝を飾りました。,Formula 1 Official Results Archive - https://www.formula1.com/en/results.html
gpq_10056,F1レース別出来事・マニア,F1雨の名レース,5,2006,ハンガリーGP,race|2006|ハンガリーGP|バトン初優勝,マニア向け：2006年ハンガリーGPの重要トピックは？,ジェンソン・バトンがF1初優勝した,フェラーリが撤退した,セナが初タイトルを決めた,給油が禁止された,0,2006年ハンガリーGPは雨絡みの展開でバトンが初優勝を飾りました。,Formula 1 Official Results Archive - https://www.formula1.com/en/results.html
gpq_10057,F1レース別出来事・マニア,F1雨の名レース,4,2006,ハンガリーGP,race|2006|ハンガリーGP|バトン初優勝,レース別出来事：2006年ハンガリーGPを象徴する内容は？,フェラーリが撤退した,給油が禁止された,ジェンソン・バトンがF1初優勝した,セナが初タイトルを決めた,2,2006年ハンガリーGPは雨絡みの展開でバトンが初優勝を飾りました。,Formula 1 Official Results Archive - https://www.formula1.com/en/results.html
gpq_10058,F1レース別出来事・マニア,F1レース別出来事,3,2007,カナダGP,race|2007|カナダGP|ハミルトン初優勝,2007年カナダGPで起きた出来事として正しいものは？,アロンソが現役引退した,フェラーリが1-2を達成した,ルイス・ハミルトンがF1初優勝した,全車が赤旗リタイアした,2,2007年カナダGPはハミルトンの初勝利として重要です。,Formula 1 Official Results Archive - https://www.formula1.com/en/results.html
gpq_10059,F1レース別出来事・マニア,F1レース別出来事,4,2007,カナダGP,race|2007|カナダGP|ハミルトン初優勝,マニア向け：2007年カナダGPの重要トピックは？,フェラーリが1-2を達成した,アロンソが現役引退した,全車が赤旗リタイアした,ルイス・ハミルトンがF1初優勝した,3,2007年カナダGPはハミルトンの初勝利として重要です。,Formula 1 Official Results Archive - https://www.formula1.com/en/results.html
gpq_10060,F1レース別出来事・マニア,F1レース別出来事,3,2007,カナダGP,race|2007|カナダGP|ハミルトン初優勝,レース別出来事：2007年カナダGPを象徴する内容は？,フェラーリが1-2を達成した,ルイス・ハミルトンがF1初優勝した,アロンソが現役引退した,全車が赤旗リタイアした,1,2007年カナダGPはハミルトンの初勝利として重要です。,Formula 1 Official Results Archive - https://www.formula1.com/en/results.html
gpq_10061,F1レース別出来事・マニア,F1雨の名レース,5,2007,ヨーロッパGP,race|2007|ヨーロッパGP|大雨とヴィンケルホック首位,2007年ヨーロッパGPで起きた出来事として正しいものは？,大雨の混乱でスパイカーのヴィンケルホックが一時首位に立った,モナコで雪が降った,全車が同じタイヤを使った,安全車が一度も出なかった,0,2007年ヨーロッパGPは序盤の豪雨と混乱で有名です。,Formula 1 Official Results Archive - https://www.formula1.com/en/results.html
gpq_10062,F1レース別出来事・マニア,F1雨の名レース,5,2007,ヨーロッパGP,race|2007|ヨーロッパGP|大雨とヴィンケルホック首位,マニア向け：2007年ヨーロッパGPの重要トピックは？,大雨の混乱でスパイカーのヴィンケルホックが一時首位に立った,全車が同じタイヤを使った,安全車が一度も出なかった,モナコで雪が降った,0,2007年ヨーロッパGPは序盤の豪雨と混乱で有名です。,Formula 1 Official Results Archive - https://www.formula1.com/en/results.html
gpq_10063,F1レース別出来事・マニア,F1雨の名レース,5,2007,ヨーロッパGP,race|2007|ヨーロッパGP|大雨とヴィンケルホック首位,レース別出来事：2007年ヨーロッパGPを象徴する内容は？,安全車が一度も出なかった,モナコで雪が降った,全車が同じタイヤを使った,大雨の混乱でスパイカーのヴィンケルホックが一時首位に立った,3,2007年ヨーロッパGPは序盤の豪雨と混乱で有名です。,Formula 1 Official Results Archive - https://www.formula1.com/en/results.html
gpq_10064,F1レース別出来事・マニア,F1ペナルティ・失格・騒動,5,2008,シンガポールGP,race|2008|シンガポールGP|クラッシュゲート,2008年シンガポールGPで起きた出来事として正しいものは？,ネルソン・ピケJr.のクラッシュを巡る問題が後に大きな騒動となった,セナが初タイトルを決めた,全車がノーピットで完走した,スプリントが初開催された,0,2008年シンガポールGPはF1初のナイトレースとしても、後のクラッシュゲートとしても知られます。,Formula 1 Official Results Archive - https://www.formula1.com/en/results.html
gpq_10065,F1レース別出来事・マニア,F1ペナルティ・失格・騒動,5,2008,シンガポールGP,race|2008|シンガポールGP|クラッシュゲート,マニア向け：2008年シンガポールGPの重要トピックは？,セナが初タイトルを決めた,ネルソン・ピケJr.のクラッシュを巡る問題が後に大きな騒動となった,スプリントが初開催された,全車がノーピットで完走した,1,2008年シンガポールGPはF1初のナイトレースとしても、後のクラッシュゲートとしても知られます。,Formula 1 Official Results Archive - https://www.formula1.com/en/results.html
gpq_10066,F1レース別出来事・マニア,F1ペナルティ・失格・騒動,5,2008,シンガポールGP,race|2008|シンガポールGP|クラッシュゲート,レース別出来事：2008年シンガポールGPを象徴する内容は？,全車がノーピットで完走した,セナが初タイトルを決めた,スプリントが初開催された,ネルソン・ピケJr.のクラッシュを巡る問題が後に大きな騒動となった,3,2008年シンガポールGPはF1初のナイトレースとしても、後のクラッシュゲートとしても知られます。,Formula 1 Official Results Archive - https://www.formula1.com/en/results.html
gpq_10067,F1レース別出来事・マニア,F1タイトル決定戦,5,2008,ブラジルGP,race|2008|ブラジルGP|ハミルトン初タイトル,2008年ブラジルGPで起きた出来事として正しいものは？,全車が途中で失格になった,雨が一切降らなかった,マッサがタイトルを確定した,ハミルトンが最終ラップ付近でタイトル条件を満たした,3,2008年ブラジルGPはタイトル決定の劇的展開で有名です。,Formula 1 Official Results Archive - https://www.formula1.com/en/results.html
gpq_10068,F1レース別出来事・マニア,F1タイトル決定戦,5,2008,ブラジルGP,race|2008|ブラジルGP|ハミルトン初タイトル,マニア向け：2008年ブラジルGPの重要トピックは？,ハミルトンが最終ラップ付近でタイトル条件を満たした,マッサがタイトルを確定した,全車が途中で失格になった,雨が一切降らなかった,0,2008年ブラジルGPはタイトル決定の劇的展開で有名です。,Formula 1 Official Results Archive - https://www.formula1.com/en/results.html
gpq_10069,F1レース別出来事・マニア,F1タイトル決定戦,5,2008,ブラジルGP,race|2008|ブラジルGP|ハミルトン初タイトル,レース別出来事：2008年ブラジルGPを象徴する内容は？,雨が一切降らなかった,マッサがタイトルを確定した,全車が途中で失格になった,ハミルトンが最終ラップ付近でタイトル条件を満たした,3,2008年ブラジルGPはタイトル決定の劇的展開で有名です。,Formula 1 Official Results Archive - https://www.formula1.com/en/results.html
gpq_10070,F1レース別出来事・マニア,F1技術規定・メカニカル,4,2009,オーストラリアGP,race|2009|オーストラリアGP|ブラウンGPデビュー勝利,2009年オーストラリアGPで起きた出来事として正しいものは？,全車V6ハイブリッドだった,トヨタが王者を決めた,ブラウンGPがデビュー戦で勝利した,セナが復帰した,2,2009年開幕戦はブラウンGPの衝撃的な強さを示しました。,Formula 1 Official Results Archive - https://www.formula1.com/en/results.html
gpq_10071,F1レース別出来事・マニア,F1技術規定・メカニカル,5,2009,オーストラリアGP,race|2009|オーストラリアGP|ブラウンGPデビュー勝利,マニア向け：2009年オーストラリアGPの重要トピックは？,全車V6ハイブリッドだった,セナが復帰した,ブラウンGPがデビュー戦で勝利した,トヨタが王者を決めた,2,2009年開幕戦はブラウンGPの衝撃的な強さを示しました。,Formula 1 Official Results Archive - https://www.formula1.com/en/results.html
gpq_10072,F1レース別出来事・マニア,F1技術規定・メカニカル,4,2009,オーストラリアGP,race|2009|オーストラリアGP|ブラウンGPデビュー勝利,レース別出来事：2009年オーストラリアGPを象徴する内容は？,ブラウンGPがデビュー戦で勝利した,全車V6ハイブリッドだった,セナが復帰した,トヨタが王者を決めた,0,2009年開幕戦はブラウンGPの衝撃的な強さを示しました。,Formula 1 Official Results Archive - https://www.formula1.com/en/results.html
gpq_10073,F1レース別出来事・マニア,F1チームオーダー・無線,4,2010,ドイツGP,race|2010|ドイツGP|フェラーリ無線騒動,2010年ドイツGPで起きた出来事として正しいものは？,給油が復活した,『Fernando is faster than you』で知られるチームオーダー騒動が起きた,全車が雨用タイヤ禁止になった,DRSが初導入された,1,2010年ドイツGPはフェラーリのチームオーダーを巡る有名な一戦です。,Formula 1 Official Results Archive - https://www.formula1.com/en/results.html
gpq_10074,F1レース別出来事・マニア,F1チームオーダー・無線,5,2010,ドイツGP,race|2010|ドイツGP|フェラーリ無線騒動,マニア向け：2010年ドイツGPの重要トピックは？,給油が復活した,DRSが初導入された,全車が雨用タイヤ禁止になった,『Fernando is faster than you』で知られるチームオーダー騒動が起きた,3,2010年ドイツGPはフェラーリのチームオーダーを巡る有名な一戦です。,Formula 1 Official Results Archive - https://www.formula1.com/en/results.html
gpq_10075,F1レース別出来事・マニア,F1チームオーダー・無線,4,2010,ドイツGP,race|2010|ドイツGP|フェラーリ無線騒動,レース別出来事：2010年ドイツGPを象徴する内容は？,『Fernando is faster than you』で知られるチームオーダー騒動が起きた,全車が雨用タイヤ禁止になった,DRSが初導入された,給油が復活した,0,2010年ドイツGPはフェラーリのチームオーダーを巡る有名な一戦です。,Formula 1 Official Results Archive - https://www.formula1.com/en/results.html
gpq_10076,F1レース別出来事・マニア,F1雨の名レース,5,2011,カナダGP,race|2011|カナダGP|長時間レースとバトン勝利,2011年カナダGPで起きた出来事として正しいものは？,予選結果で優勝が決まった,ドライで全周回が進んだ,ジェンソン・バトンが最後にベッテルを攻略して勝利した,全車がノーピットだった,2,2011年カナダGPは雨、赤旗、終盤逆転で名レースとして知られます。,Formula 1 Official Results Archive - https://www.formula1.com/en/results.html
gpq_10077,F1レース別出来事・マニア,F1雨の名レース,5,2011,カナダGP,race|2011|カナダGP|長時間レースとバトン勝利,マニア向け：2011年カナダGPの重要トピックは？,全車がノーピットだった,ドライで全周回が進んだ,予選結果で優勝が決まった,ジェンソン・バトンが最後にベッテルを攻略して勝利した,3,2011年カナダGPは雨、赤旗、終盤逆転で名レースとして知られます。,Formula 1 Official Results Archive - https://www.formula1.com/en/results.html
gpq_10078,F1レース別出来事・マニア,F1雨の名レース,5,2011,カナダGP,race|2011|カナダGP|長時間レースとバトン勝利,レース別出来事：2011年カナダGPを象徴する内容は？,全車がノーピットだった,ジェンソン・バトンが最後にベッテルを攻略して勝利した,予選結果で優勝が決まった,ドライで全周回が進んだ,1,2011年カナダGPは雨、赤旗、終盤逆転で名レースとして知られます。,Formula 1 Official Results Archive - https://www.formula1.com/en/results.html
gpq_10079,F1レース別出来事・マニア,F1雨の名レース,4,2012,マレーシアGP,race|2012|マレーシアGP|アロンソとペレス,2012年マレーシアGPで起きた出来事として正しいものは？,セナが王者になった,雨の展開でアロンソが勝ち、ペレスが迫った,ピット作業が禁止された,全車がスーパーソフトだけで走った,1,2012年マレーシアGPはフェラーリとザウバーの戦いが印象的な雨のレースです。,Formula 1 Official Results Archive - https://www.formula1.com/en/results.html
gpq_10080,F1レース別出来事・マニア,F1雨の名レース,5,2012,マレーシアGP,race|2012|マレーシアGP|アロンソとペレス,マニア向け：2012年マレーシアGPの重要トピックは？,全車がスーパーソフトだけで走った,セナが王者になった,ピット作業が禁止された,雨の展開でアロンソが勝ち、ペレスが迫った,3,2012年マレーシアGPはフェラーリとザウバーの戦いが印象的な雨のレースです。,Formula 1 Official Results Archive - https://www.formula1.com/en/results.html
gpq_10081,F1レース別出来事・マニア,F1雨の名レース,4,2012,マレーシアGP,race|2012|マレーシアGP|アロンソとペレス,レース別出来事：2012年マレーシアGPを象徴する内容は？,雨の展開でアロンソが勝ち、ペレスが迫った,セナが王者になった,ピット作業が禁止された,全車がスーパーソフトだけで走った,0,2012年マレーシアGPはフェラーリとザウバーの戦いが印象的な雨のレースです。,Formula 1 Official Results Archive - https://www.formula1.com/en/results.html
gpq_10082,F1レース別出来事・マニア,F1レース別出来事,4,2012,ヨーロッパGP,race|2012|ヨーロッパGP|アロンソ逆転勝利,2012年ヨーロッパGPで起きた出来事として正しいものは？,全車リタイアした,アロンソがバレンシアで大きく順位を上げて勝利した,ハミルトンが初勝利した,マクラーレンF1がデビューした,1,2012年ヨーロッパGPはアロンソの逆転勝利で知られます。,Formula 1 Official Results Archive - https://www.formula1.com/en/results.html
gpq_10083,F1レース別出来事・マニア,F1レース別出来事,5,2012,ヨーロッパGP,race|2012|ヨーロッパGP|アロンソ逆転勝利,マニア向け：2012年ヨーロッパGPの重要トピックは？,全車リタイアした,ハミルトンが初勝利した,マクラーレンF1がデビューした,アロンソがバレンシアで大きく順位を上げて勝利した,3,2012年ヨーロッパGPはアロンソの逆転勝利で知られます。,Formula 1 Official Results Archive - https://www.formula1.com/en/results.html
gpq_10084,F1レース別出来事・マニア,F1レース別出来事,4,2012,ヨーロッパGP,race|2012|ヨーロッパGP|アロンソ逆転勝利,レース別出来事：2012年ヨーロッパGPを象徴する内容は？,マクラーレンF1がデビューした,アロンソがバレンシアで大きく順位を上げて勝利した,ハミルトンが初勝利した,全車リタイアした,1,2012年ヨーロッパGPはアロンソの逆転勝利で知られます。,Formula 1 Official Results Archive - https://www.formula1.com/en/results.html
gpq_10085,F1レース別出来事・マニア,F1タイトル決定戦,5,2012,ブラジルGP,race|2012|ブラジルGP|ベッテル三連覇決定,2012年ブラジルGPで起きた出来事として正しいものは？,全車が同点で終わった,給油が復活した,混乱の中でベッテルが3年連続タイトルを決めた,セナが初王者になった,2,2012年ブラジルGPはタイトル決定戦として非常に劇的でした。,Formula 1 Official Results Archive - https://www.formula1.com/en/results.html
gpq_10086,F1レース別出来事・マニア,F1タイトル決定戦,5,2012,ブラジルGP,race|2012|ブラジルGP|ベッテル三連覇決定,マニア向け：2012年ブラジルGPの重要トピックは？,給油が復活した,セナが初王者になった,全車が同点で終わった,混乱の中でベッテルが3年連続タイトルを決めた,3,2012年ブラジルGPはタイトル決定戦として非常に劇的でした。,Formula 1 Official Results Archive - https://www.formula1.com/en/results.html
gpq_10087,F1レース別出来事・マニア,F1タイトル決定戦,5,2012,ブラジルGP,race|2012|ブラジルGP|ベッテル三連覇決定,レース別出来事：2012年ブラジルGPを象徴する内容は？,混乱の中でベッテルが3年連続タイトルを決めた,給油が復活した,全車が同点で終わった,セナが初王者になった,0,2012年ブラジルGPはタイトル決定戦として非常に劇的でした。,Formula 1 Official Results Archive - https://www.formula1.com/en/results.html
gpq_10088,F1レース別出来事・マニア,F1チームオーダー・無線,5,2013,マレーシアGP,race|2013|マレーシアGP|Multi 21,2013年マレーシアGPで起きた出来事として正しいものは？,全車給油違反になった,マクラーレンが初参戦した,日本GPとして開催された,レッドブルの『Multi 21』を巡るチーム内騒動が起きた,3,2013年マレーシアGPはベッテルとウェバーのチーム内関係で有名です。,Formula 1 Official Results Archive - https://www.formula1.com/en/results.html
gpq_10089,F1レース別出来事・マニア,F1チームオーダー・無線,5,2013,マレーシアGP,race|2013|マレーシアGP|Multi 21,マニア向け：2013年マレーシアGPの重要トピックは？,マクラーレンが初参戦した,レッドブルの『Multi 21』を巡るチーム内騒動が起きた,日本GPとして開催された,全車給油違反になった,1,2013年マレーシアGPはベッテルとウェバーのチーム内関係で有名です。,Formula 1 Official Results Archive - https://www.formula1.com/en/results.html
gpq_10090,F1レース別出来事・マニア,F1チームオーダー・無線,5,2013,マレーシアGP,race|2013|マレーシアGP|Multi 21,レース別出来事：2013年マレーシアGPを象徴する内容は？,レッドブルの『Multi 21』を巡るチーム内騒動が起きた,マクラーレンが初参戦した,全車給油違反になった,日本GPとして開催された,0,2013年マレーシアGPはベッテルとウェバーのチーム内関係で有名です。,Formula 1 Official Results Archive - https://www.formula1.com/en/results.html
gpq_10091,F1レース別出来事・マニア,F1レース別出来事,4,2014,バーレーンGP,race|2014|バーレーンGP|デュエル・イン・ザ・デザート,2014年バーレーンGPで起きた出来事として正しいものは？,雨で中止された,ブラウンGPがデビューした,ハミルトンとロズベルグが激しく争った,セナが勝利した,2,2014年バーレーンGPはメルセデス同士の激しいバトルで知られます。,Formula 1 Official Results Archive - https://www.formula1.com/en/results.html
gpq_10092,F1レース別出来事・マニア,F1レース別出来事,5,2014,バーレーンGP,race|2014|バーレーンGP|デュエル・イン・ザ・デザート,マニア向け：2014年バーレーンGPの重要トピックは？,ブラウンGPがデビューした,ハミルトンとロズベルグが激しく争った,雨で中止された,セナが勝利した,1,2014年バーレーンGPはメルセデス同士の激しいバトルで知られます。,Formula 1 Official Results Archive - https://www.formula1.com/en/results.html
gpq_10093,F1レース別出来事・マニア,F1レース別出来事,4,2014,バーレーンGP,race|2014|バーレーンGP|デュエル・イン・ザ・デザート,レース別出来事：2014年バーレーンGPを象徴する内容は？,ハミルトンとロズベルグが激しく争った,雨で中止された,セナが勝利した,ブラウンGPがデビューした,0,2014年バーレーンGPはメルセデス同士の激しいバトルで知られます。,Formula 1 Official Results Archive - https://www.formula1.com/en/results.html
gpq_10094,F1レース別出来事・マニア,F1レース別出来事,3,2014,カナダGP,race|2014|カナダGP|リカルド初優勝,2014年カナダGPで起きた出来事として正しいものは？,ダニエル・リカルドがF1初優勝した,セナがPPを獲得した,ベッテルが初タイトルを決めた,フェラーリが全車失格になった,0,2014年カナダGPはリカルドの初勝利として重要です。,Formula 1 Official Results Archive - https://www.formula1.com/en/results.html
gpq_10095,F1レース別出来事・マニア,F1レース別出来事,4,2014,カナダGP,race|2014|カナダGP|リカルド初優勝,マニア向け：2014年カナダGPの重要トピックは？,ダニエル・リカルドがF1初優勝した,フェラーリが全車失格になった,セナがPPを獲得した,ベッテルが初タイトルを決めた,0,2014年カナダGPはリカルドの初勝利として重要です。,Formula 1 Official Results Archive - https://www.formula1.com/en/results.html
gpq_10096,F1レース別出来事・マニア,F1レース別出来事,3,2014,カナダGP,race|2014|カナダGP|リカルド初優勝,レース別出来事：2014年カナダGPを象徴する内容は？,セナがPPを獲得した,フェラーリが全車失格になった,ダニエル・リカルドがF1初優勝した,ベッテルが初タイトルを決めた,2,2014年カナダGPはリカルドの初勝利として重要です。,Formula 1 Official Results Archive - https://www.formula1.com/en/results.html
gpq_10097,F1レース別出来事・マニア,F1レース別出来事,4,2016,スペインGP,race|2016|スペインGP|フェルスタッペン初優勝,2016年スペインGPで起きた出来事として正しいものは？,ハミルトンが初優勝した,給油が復活した,全車が雨用タイヤで走った,マックス・フェルスタッペンがレッドブル初戦でF1初優勝した,3,2016年スペインGPはフェルスタッペンの最年少優勝として非常に有名です。,Formula 1 Official Results Archive - https://www.formula1.com/en/results.html
gpq_10098,F1レース別出来事・マニア,F1レース別出来事,5,2016,スペインGP,race|2016|スペインGP|フェルスタッペン初優勝,マニア向け：2016年スペインGPの重要トピックは？,マックス・フェルスタッペンがレッドブル初戦でF1初優勝した,ハミルトンが初優勝した,給油が復活した,全車が雨用タイヤで走った,0,2016年スペインGPはフェルスタッペンの最年少優勝として非常に有名です。,Formula 1 Official Results Archive - https://www.formula1.com/en/results.html
gpq_10099,F1レース別出来事・マニア,F1レース別出来事,4,2016,スペインGP,race|2016|スペインGP|フェルスタッペン初優勝,レース別出来事：2016年スペインGPを象徴する内容は？,全車が雨用タイヤで走った,マックス・フェルスタッペンがレッドブル初戦でF1初優勝した,ハミルトンが初優勝した,給油が復活した,1,2016年スペインGPはフェルスタッペンの最年少優勝として非常に有名です。,Formula 1 Official Results Archive - https://www.formula1.com/en/results.html
gpq_10100,F1レース別出来事・マニア,F1タイトル決定戦,4,2016,アブダビGP,race|2016|アブダビGP|ロズベルグ王座,2016年アブダビGPで起きた出来事として正しいものは？,フェラーリが初参戦した,全車スプリントを走った,バトンが初優勝した,ニコ・ロズベルグがタイトルを決め、のちに引退した,3,2016年アブダビGPはロズベルグの王座決定戦です。,Formula 1 Official Results Archive - https://www.formula1.com/en/results.html
gpq_10101,F1レース別出来事・マニア,F1タイトル決定戦,5,2016,アブダビGP,race|2016|アブダビGP|ロズベルグ王座,マニア向け：2016年アブダビGPの重要トピックは？,フェラーリが初参戦した,全車スプリントを走った,ニコ・ロズベルグがタイトルを決め、のちに引退した,バトンが初優勝した,2,2016年アブダビGPはロズベルグの王座決定戦です。,Formula 1 Official Results Archive - https://www.formula1.com/en/results.html
gpq_10102,F1レース別出来事・マニア,F1タイトル決定戦,4,2016,アブダビGP,race|2016|アブダビGP|ロズベルグ王座,レース別出来事：2016年アブダビGPを象徴する内容は？,バトンが初優勝した,ニコ・ロズベルグがタイトルを決め、のちに引退した,全車スプリントを走った,フェラーリが初参戦した,1,2016年アブダビGPはロズベルグの王座決定戦です。,Formula 1 Official Results Archive - https://www.formula1.com/en/results.html
gpq_10103,F1レース別出来事・マニア,F1ペナルティ・失格・騒動,5,2017,アゼルバイジャンGP,race|2017|アゼルバイジャンGP|ベッテルとハミルトンの接触騒動,2017年アゼルバイジャンGPで起きた出来事として正しいものは？,セナとプロストが接触した,セーフティカー中の接近でベッテルとハミルトンの間に騒動が起きた,雨で半周だけ行われた,全車が同じチームだった,1,2017年アゼルバイジャンGPは接触騒動と波乱の展開で知られます。,Formula 1 Official Results Archive - https://www.formula1.com/en/results.html
gpq_10104,F1レース別出来事・マニア,F1ペナルティ・失格・騒動,5,2017,アゼルバイジャンGP,race|2017|アゼルバイジャンGP|ベッテルとハミルトンの接触騒動,マニア向け：2017年アゼルバイジャンGPの重要トピックは？,全車が同じチームだった,セナとプロストが接触した,雨で半周だけ行われた,セーフティカー中の接近でベッテルとハミルトンの間に騒動が起きた,3,2017年アゼルバイジャンGPは接触騒動と波乱の展開で知られます。,Formula 1 Official Results Archive - https://www.formula1.com/en/results.html
gpq_10105,F1レース別出来事・マニア,F1ペナルティ・失格・騒動,5,2017,アゼルバイジャンGP,race|2017|アゼルバイジャンGP|ベッテルとハミルトンの接触騒動,レース別出来事：2017年アゼルバイジャンGPを象徴する内容は？,セナとプロストが接触した,全車が同じチームだった,雨で半周だけ行われた,セーフティカー中の接近でベッテルとハミルトンの間に騒動が起きた,3,2017年アゼルバイジャンGPは接触騒動と波乱の展開で知られます。,Formula 1 Official Results Archive - https://www.formula1.com/en/results.html
gpq_10106,F1レース別出来事・マニア,F1雨の名レース,4,2018,ドイツGP,race|2018|ドイツGP|ベッテルの雨中クラッシュ,2018年ドイツGPで起きた出来事として正しいものは？,ハミルトンがF1デビューした,全車完走した,バトンが初優勝した,首位走行中のベッテルが雨でコースアウトした,3,2018年ドイツGPはタイトル争いの流れにも影響した一戦です。,Formula 1 Official Results Archive - https://www.formula1.com/en/results.html
gpq_10107,F1レース別出来事・マニア,F1雨の名レース,5,2018,ドイツGP,race|2018|ドイツGP|ベッテルの雨中クラッシュ,マニア向け：2018年ドイツGPの重要トピックは？,全車完走した,バトンが初優勝した,首位走行中のベッテルが雨でコースアウトした,ハミルトンがF1デビューした,2,2018年ドイツGPはタイトル争いの流れにも影響した一戦です。,Formula 1 Official Results Archive - https://www.formula1.com/en/results.html
gpq_10108,F1レース別出来事・マニア,F1雨の名レース,4,2018,ドイツGP,race|2018|ドイツGP|ベッテルの雨中クラッシュ,レース別出来事：2018年ドイツGPを象徴する内容は？,首位走行中のベッテルが雨でコースアウトした,ハミルトンがF1デビューした,バトンが初優勝した,全車完走した,0,2018年ドイツGPはタイトル争いの流れにも影響した一戦です。,Formula 1 Official Results Archive - https://www.formula1.com/en/results.html
gpq_10109,F1レース別出来事・マニア,F1雨の名レース,5,2019,ドイツGP,race|2019|ドイツGP|大波乱の雨,2019年ドイツGPで起きた出来事として正しいものは？,DRSが初導入された,雨で多数のミスや順位変動が発生した,全車がノーピットで走った,予選順位のまま終わった,1,2019年ドイツGPは近年屈指の波乱の雨レースとして知られます。,Formula 1 Official Results Archive - https://www.formula1.com/en/results.html
gpq_10110,F1レース別出来事・マニア,F1雨の名レース,5,2019,ドイツGP,race|2019|ドイツGP|大波乱の雨,マニア向け：2019年ドイツGPの重要トピックは？,DRSが初導入された,予選順位のまま終わった,全車がノーピットで走った,雨で多数のミスや順位変動が発生した,3,2019年ドイツGPは近年屈指の波乱の雨レースとして知られます。,Formula 1 Official Results Archive - https://www.formula1.com/en/results.html
gpq_10111,F1レース別出来事・マニア,F1雨の名レース,5,2019,ドイツGP,race|2019|ドイツGP|大波乱の雨,レース別出来事：2019年ドイツGPを象徴する内容は？,全車がノーピットで走った,DRSが初導入された,雨で多数のミスや順位変動が発生した,予選順位のまま終わった,2,2019年ドイツGPは近年屈指の波乱の雨レースとして知られます。,Formula 1 Official Results Archive - https://www.formula1.com/en/results.html
gpq_10112,F1レース別出来事・マニア,F1レース別出来事,4,2019,ブラジルGP,race|2019|ブラジルGP|ガスリー初表彰台,2019年ブラジルGPで起きた出来事として正しいものは？,ピエール・ガスリーがハミルトンとフィニッシュまで争い表彰台を得た,全車リタイアした,鈴木亜久里が勝った,給油が復活した,0,2019年ブラジルGPは終盤の混乱とガスリー表彰台で印象的です。,Formula 1 Official Results Archive - https://www.formula1.com/en/results.html
gpq_10113,F1レース別出来事・マニア,F1レース別出来事,5,2019,ブラジルGP,race|2019|ブラジルGP|ガスリー初表彰台,マニア向け：2019年ブラジルGPの重要トピックは？,給油が復活した,鈴木亜久里が勝った,全車リタイアした,ピエール・ガスリーがハミルトンとフィニッシュまで争い表彰台を得た,3,2019年ブラジルGPは終盤の混乱とガスリー表彰台で印象的です。,Formula 1 Official Results Archive - https://www.formula1.com/en/results.html
gpq_10114,F1レース別出来事・マニア,F1レース別出来事,4,2019,ブラジルGP,race|2019|ブラジルGP|ガスリー初表彰台,レース別出来事：2019年ブラジルGPを象徴する内容は？,給油が復活した,ピエール・ガスリーがハミルトンとフィニッシュまで争い表彰台を得た,鈴木亜久里が勝った,全車リタイアした,1,2019年ブラジルGPは終盤の混乱とガスリー表彰台で印象的です。,Formula 1 Official Results Archive - https://www.formula1.com/en/results.html
gpq_10115,F1レース別出来事・マニア,F1波乱のレース,4,2020,イタリアGP,race|2020|イタリアGP|ガスリー初優勝,2020年イタリアGPで起きた出来事として正しいものは？,全車が燃料切れになった,フェルスタッペンが初タイトルを決めた,アロンソが初勝利した,ピエール・ガスリーがアルファタウリで初優勝した,3,2020年イタリアGPは赤旗やペナルティも絡んだ波乱のレースでした。,Formula 1 Official Results Archive - https://www.formula1.com/en/results.html
gpq_10116,F1レース別出来事・マニア,F1波乱のレース,5,2020,イタリアGP,race|2020|イタリアGP|ガスリー初優勝,マニア向け：2020年イタリアGPの重要トピックは？,アロンソが初勝利した,フェルスタッペンが初タイトルを決めた,ピエール・ガスリーがアルファタウリで初優勝した,全車が燃料切れになった,2,2020年イタリアGPは赤旗やペナルティも絡んだ波乱のレースでした。,Formula 1 Official Results Archive - https://www.formula1.com/en/results.html
gpq_10117,F1レース別出来事・マニア,F1波乱のレース,4,2020,イタリアGP,race|2020|イタリアGP|ガスリー初優勝,レース別出来事：2020年イタリアGPを象徴する内容は？,フェルスタッペンが初タイトルを決めた,全車が燃料切れになった,アロンソが初勝利した,ピエール・ガスリーがアルファタウリで初優勝した,3,2020年イタリアGPは赤旗やペナルティも絡んだ波乱のレースでした。,Formula 1 Official Results Archive - https://www.formula1.com/en/results.html
gpq_10118,F1レース別出来事・マニア,F1タイトル決定戦,4,2020,トルコGP,race|2020|トルコGP|ハミルトン7度目王座,2020年トルコGPで起きた出来事として正しいものは？,ルイス・ハミルトンが7度目のタイトルを決めた,ベッテルが初勝利した,全車が無得点になった,セナが初王者になった,0,2020年トルコGPは低グリップ路面とタイヤ管理も印象的でした。,Formula 1 Official Results Archive - https://www.formula1.com/en/results.html
gpq_10119,F1レース別出来事・マニア,F1タイトル決定戦,5,2020,トルコGP,race|2020|トルコGP|ハミルトン7度目王座,マニア向け：2020年トルコGPの重要トピックは？,全車が無得点になった,ベッテルが初勝利した,ルイス・ハミルトンが7度目のタイトルを決めた,セナが初王者になった,2,2020年トルコGPは低グリップ路面とタイヤ管理も印象的でした。,Formula 1 Official Results Archive - https://www.formula1.com/en/results.html
gpq_10120,F1レース別出来事・マニア,F1タイトル決定戦,4,2020,トルコGP,race|2020|トルコGP|ハミルトン7度目王座,レース別出来事：2020年トルコGPを象徴する内容は？,セナが初王者になった,全車が無得点になった,ルイス・ハミルトンが7度目のタイトルを決めた,ベッテルが初勝利した,2,2020年トルコGPは低グリップ路面とタイヤ管理も印象的でした。,Formula 1 Official Results Archive - https://www.formula1.com/en/results.html
gpq_10121,F1レース別出来事・マニア,F1ペナルティ・失格・騒動,5,2021,イギリスGP,race|2021|イギリスGP|ハミルトンとフェルスタッペン接触,2021年イギリスGPで起きた出来事として正しいものは？,1周目にハミルトンとフェルスタッペンが接触した,雨で中止された,全車がノーピットで走った,プロストが復帰した,0,2021年イギリスGPはタイトル争いの激化を象徴する一戦です。,Formula 1 Official Results Archive - https://www.formula1.com/en/results.html
gpq_10122,F1レース別出来事・マニア,F1ペナルティ・失格・騒動,5,2021,イギリスGP,race|2021|イギリスGP|ハミルトンとフェルスタッペン接触,マニア向け：2021年イギリスGPの重要トピックは？,1周目にハミルトンとフェルスタッペンが接触した,全車がノーピットで走った,雨で中止された,プロストが復帰した,0,2021年イギリスGPはタイトル争いの激化を象徴する一戦です。,Formula 1 Official Results Archive - https://www.formula1.com/en/results.html
gpq_10123,F1レース別出来事・マニア,F1ペナルティ・失格・騒動,5,2021,イギリスGP,race|2021|イギリスGP|ハミルトンとフェルスタッペン接触,レース別出来事：2021年イギリスGPを象徴する内容は？,1周目にハミルトンとフェルスタッペンが接触した,全車がノーピットで走った,雨で中止された,プロストが復帰した,0,2021年イギリスGPはタイトル争いの激化を象徴する一戦です。,Formula 1 Official Results Archive - https://www.formula1.com/en/results.html
gpq_10124,F1レース別出来事・マニア,F1波乱のレース,4,2021,ハンガリーGP,race|2021|ハンガリーGP|オコン初優勝,2021年ハンガリーGPで起きた出来事として正しいものは？,セナがタイトルを決めた,全車が同じチームだった,DRSが初導入された,エステバン・オコンがF1初優勝した,3,2021年ハンガリーGPはスタート混乱とオコン初優勝で有名です。,Formula 1 Official Results Archive - https://www.formula1.com/en/results.html
gpq_10125,F1レース別出来事・マニア,F1波乱のレース,5,2021,ハンガリーGP,race|2021|ハンガリーGP|オコン初優勝,マニア向け：2021年ハンガリーGPの重要トピックは？,エステバン・オコンがF1初優勝した,DRSが初導入された,全車が同じチームだった,セナがタイトルを決めた,0,2021年ハンガリーGPはスタート混乱とオコン初優勝で有名です。,Formula 1 Official Results Archive - https://www.formula1.com/en/results.html
gpq_10126,F1レース別出来事・マニア,F1波乱のレース,4,2021,ハンガリーGP,race|2021|ハンガリーGP|オコン初優勝,レース別出来事：2021年ハンガリーGPを象徴する内容は？,セナがタイトルを決めた,DRSが初導入された,全車が同じチームだった,エステバン・オコンがF1初優勝した,3,2021年ハンガリーGPはスタート混乱とオコン初優勝で有名です。,Formula 1 Official Results Archive - https://www.formula1.com/en/results.html
gpq_10127,F1レース別出来事・マニア,F1タイトル決定戦,5,2021,アブダビGP,race|2021|アブダビGP|最終周決着,2021年アブダビGPで起きた出来事として正しいものは？,予選でタイトルが決まった,レースは中止された,全車が失格になった,最終周のリスタート後にフェルスタッペンがタイトルを獲得した,3,2021年アブダビGPは現代F1で最も議論を呼んだタイトル決定戦の一つです。,Formula 1 Official Results Archive - https://www.formula1.com/en/results.html
gpq_10128,F1レース別出来事・マニア,F1タイトル決定戦,5,2021,アブダビGP,race|2021|アブダビGP|最終周決着,マニア向け：2021年アブダビGPの重要トピックは？,最終周のリスタート後にフェルスタッペンがタイトルを獲得した,全車が失格になった,レースは中止された,予選でタイトルが決まった,0,2021年アブダビGPは現代F1で最も議論を呼んだタイトル決定戦の一つです。,Formula 1 Official Results Archive - https://www.formula1.com/en/results.html
gpq_10129,F1レース別出来事・マニア,F1タイトル決定戦,5,2021,アブダビGP,race|2021|アブダビGP|最終周決着,レース別出来事：2021年アブダビGPを象徴する内容は？,予選でタイトルが決まった,最終周のリスタート後にフェルスタッペンがタイトルを獲得した,レースは中止された,全車が失格になった,1,2021年アブダビGPは現代F1で最も議論を呼んだタイトル決定戦の一つです。,Formula 1 Official Results Archive - https://www.formula1.com/en/results.html
gpq_10130,F1レース別出来事・マニア,F1安全史・重大事故,5,2022,イギリスGP,race|2022|イギリスGP|周冠宇の大クラッシュとサインツ初優勝,2022年イギリスGPで起きた出来事として正しいものは？,給油が復活した,初のナイトレースだった,大クラッシュ後に赤旗となり、サインツが初優勝した,全車ノーピットで完走した,2,2022年イギリスGPはHaloの安全性も改めて注目された一戦です。,Formula 1 Official Results Archive - https://www.formula1.com/en/results.html
gpq_10131,F1レース別出来事・マニア,F1安全史・重大事故,5,2022,イギリスGP,race|2022|イギリスGP|周冠宇の大クラッシュとサインツ初優勝,マニア向け：2022年イギリスGPの重要トピックは？,初のナイトレースだった,給油が復活した,全車ノーピットで完走した,大クラッシュ後に赤旗となり、サインツが初優勝した,3,2022年イギリスGPはHaloの安全性も改めて注目された一戦です。,Formula 1 Official Results Archive - https://www.formula1.com/en/results.html
gpq_10132,F1レース別出来事・マニア,F1安全史・重大事故,5,2022,イギリスGP,race|2022|イギリスGP|周冠宇の大クラッシュとサインツ初優勝,レース別出来事：2022年イギリスGPを象徴する内容は？,給油が復活した,初のナイトレースだった,大クラッシュ後に赤旗となり、サインツが初優勝した,全車ノーピットで完走した,2,2022年イギリスGPはHaloの安全性も改めて注目された一戦です。,Formula 1 Official Results Archive - https://www.formula1.com/en/results.html
gpq_10133,F1レース別出来事・マニア,F1タイトル決定戦,5,2022,日本GP,race|2022|日本GP|フェルスタッペン王座決定,2022年日本GPで起きた出来事として正しいものは？,ノリスが初王者になった,全車がドライタイヤだけで走った,セナが復帰した,雨の鈴鹿でフェルスタッペンがタイトルを決めた,3,2022年日本GPは雨とポイント規則の解釈も話題になりました。,Formula 1 Official Results Archive - https://www.formula1.com/en/results.html | FIA Formula One Sporting Regulations - https://www.fia.com/regulation/category/110
gpq_10134,F1レース別出来事・マニア,F1タイトル決定戦,5,2022,日本GP,race|2022|日本GP|フェルスタッペン王座決定,マニア向け：2022年日本GPの重要トピックは？,全車がドライタイヤだけで走った,セナが復帰した,ノリスが初王者になった,雨の鈴鹿でフェルスタッペンがタイトルを決めた,3,2022年日本GPは雨とポイント規則の解釈も話題になりました。,Formula 1 Official Results Archive - https://www.formula1.com/en/results.html | FIA Formula One Sporting Regulations - https://www.fia.com/regulation/category/110
gpq_10135,F1レース別出来事・マニア,F1タイトル決定戦,5,2022,日本GP,race|2022|日本GP|フェルスタッペン王座決定,レース別出来事：2022年日本GPを象徴する内容は？,セナが復帰した,ノリスが初王者になった,雨の鈴鹿でフェルスタッペンがタイトルを決めた,全車がドライタイヤだけで走った,2,2022年日本GPは雨とポイント規則の解釈も話題になりました。,Formula 1 Official Results Archive - https://www.formula1.com/en/results.html | FIA Formula One Sporting Regulations - https://www.fia.com/regulation/category/110
gpq_10136,F1レース別出来事・マニア,F1レース別出来事,4,2023,シンガポールGP,race|2023|シンガポールGP|レッドブル連勝停止,2023年シンガポールGPで起きた出来事として正しいものは？,フェルスタッペンが全周回リードした,全車が予選失格になった,ハミルトンが初優勝した,カルロス・サインツが勝利し、レッドブルの連勝を止めた,3,2023年シンガポールGPはレッドブルが勝てなかった珍しい一戦として印象的です。,Formula 1 Official Results Archive - https://www.formula1.com/en/results.html
gpq_10137,F1レース別出来事・マニア,F1レース別出来事,5,2023,シンガポールGP,race|2023|シンガポールGP|レッドブル連勝停止,マニア向け：2023年シンガポールGPの重要トピックは？,全車が予選失格になった,フェルスタッペンが全周回リードした,カルロス・サインツが勝利し、レッドブルの連勝を止めた,ハミルトンが初優勝した,2,2023年シンガポールGPはレッドブルが勝てなかった珍しい一戦として印象的です。,Formula 1 Official Results Archive - https://www.formula1.com/en/results.html
gpq_10138,F1レース別出来事・マニア,F1レース別出来事,4,2023,シンガポールGP,race|2023|シンガポールGP|レッドブル連勝停止,レース別出来事：2023年シンガポールGPを象徴する内容は？,全車が予選失格になった,ハミルトンが初優勝した,カルロス・サインツが勝利し、レッドブルの連勝を止めた,フェルスタッペンが全周回リードした,2,2023年シンガポールGPはレッドブルが勝てなかった珍しい一戦として印象的です。,Formula 1 Official Results Archive - https://www.formula1.com/en/results.html
gpq_10139,F1レース別出来事・マニア,F1レース別出来事,4,2024,モナコGP,race|2024|モナコGP|ルクレール母国優勝,2024年モナコGPで起きた出来事として正しいものは？,フェラーリが出走停止になった,初のスプリントが行われた,全車が赤旗失格になった,シャルル・ルクレールがモナコで母国優勝を果たした,3,2024年モナコGPはルクレールの悲願達成として大きな話題になりました。,Formula 1 Official Results Archive - https://www.formula1.com/en/results.html
gpq_10140,F1レース別出来事・マニア,F1レース別出来事,5,2024,モナコGP,race|2024|モナコGP|ルクレール母国優勝,マニア向け：2024年モナコGPの重要トピックは？,初のスプリントが行われた,全車が赤旗失格になった,フェラーリが出走停止になった,シャルル・ルクレールがモナコで母国優勝を果たした,3,2024年モナコGPはルクレールの悲願達成として大きな話題になりました。,Formula 1 Official Results Archive - https://www.formula1.com/en/results.html
gpq_10141,F1レース別出来事・マニア,F1レース別出来事,4,2024,モナコGP,race|2024|モナコGP|ルクレール母国優勝,レース別出来事：2024年モナコGPを象徴する内容は？,シャルル・ルクレールがモナコで母国優勝を果たした,初のスプリントが行われた,全車が赤旗失格になった,フェラーリが出走停止になった,0,2024年モナコGPはルクレールの悲願達成として大きな話題になりました。,Formula 1 Official Results Archive - https://www.formula1.com/en/results.html
gpq_10142,F1レース別出来事・マニア,F1レース別出来事,3,2024,マイアミGP,race|2024|マイアミGP|ノリス初優勝,2024年マイアミGPで起きた出来事として正しいものは？,全車が雨用タイヤで走った,給油が復活した,セナが復帰した,ランド・ノリスがF1初優勝した,3,2024年マイアミGPはノリスの初勝利として重要です。,Formula 1 Official Results Archive - https://www.formula1.com/en/results.html
gpq_10143,F1レース別出来事・マニア,F1レース別出来事,4,2024,マイアミGP,race|2024|マイアミGP|ノリス初優勝,マニア向け：2024年マイアミGPの重要トピックは？,給油が復活した,全車が雨用タイヤで走った,ランド・ノリスがF1初優勝した,セナが復帰した,2,2024年マイアミGPはノリスの初勝利として重要です。,Formula 1 Official Results Archive - https://www.formula1.com/en/results.html
gpq_10144,F1レース別出来事・マニア,F1レース別出来事,3,2024,マイアミGP,race|2024|マイアミGP|ノリス初優勝,レース別出来事：2024年マイアミGPを象徴する内容は？,ランド・ノリスがF1初優勝した,全車が雨用タイヤで走った,セナが復帰した,給油が復活した,0,2024年マイアミGPはノリスの初勝利として重要です。,Formula 1 Official Results Archive - https://www.formula1.com/en/results.html
gpq_10145,F1レース別出来事・マニア,F1最新シーズン,4,2025,ドライバーズ選手権,race|2025|ドライバーズ選手権|ノリス王座,2025年ドライバーズ選手権で起きた出来事として正しいものは？,マックス・フェルスタッペンが2025年ランキング1位だった,オスカー・ピアストリが2025年ランキング1位だった,ジョージ・ラッセルが2025年ランキング1位だった,ランド・ノリスが2025年ドライバーズランキング1位として記録された,3,Formula 1公式Results Archiveの2025年ドライバーズ順位ではランド・ノリスが1位です。,Formula 1 Official Results Archive 2025 races/drivers - https://www.formula1.com/en/results/2025/drivers
gpq_10146,F1レース別出来事・マニア,F1最新シーズン,5,2025,ドライバーズ選手権,race|2025|ドライバーズ選手権|ノリス王座,マニア向け：2025年ドライバーズ選手権の重要トピックは？,ジョージ・ラッセルが2025年ランキング1位だった,オスカー・ピアストリが2025年ランキング1位だった,マックス・フェルスタッペンが2025年ランキング1位だった,ランド・ノリスが2025年ドライバーズランキング1位として記録された,3,Formula 1公式Results Archiveの2025年ドライバーズ順位ではランド・ノリスが1位です。,Formula 1 Official Results Archive 2025 races/drivers - https://www.formula1.com/en/results/2025/drivers
gpq_10147,F1レース別出来事・マニア,F1最新シーズン,4,2025,ドライバーズ選手権,race|2025|ドライバーズ選手権|ノリス王座,レース別出来事：2025年ドライバーズ選手権を象徴する内容は？,マックス・フェルスタッペンが2025年ランキング1位だった,ジョージ・ラッセルが2025年ランキング1位だった,オスカー・ピアストリが2025年ランキング1位だった,ランド・ノリスが2025年ドライバーズランキング1位として記録された,3,Formula 1公式Results Archiveの2025年ドライバーズ順位ではランド・ノリスが1位です。,Formula 1 Official Results Archive 2025 races/drivers - https://www.formula1.com/en/results/2025/drivers
gpq_10148,F1レース別出来事・マニア,F1技術規定・メカニカル,5,2025,技術総合,race|2025|技術総合|pushrod,構造理解：F1の「プッシュロッド式サスペンション」について正しい説明は？,ロッカーを介して車体内側のスプリング/ダンパーを作動させる構成,タイヤ内部に燃料を入れる構成,ドライバーが直接ダンパーを手で押す構成,ブレーキディスクを車外に吊るす構成,0,プッシュロッドは空力・重心・整備性を含めた設計判断に関わります。,FIA Formula One Technical Regulations 2025 - https://www.fia.com/sites/default/files/documents/fia_2025_formula_1_technical_regulations_-_issue_03_-_2025-04-07.pdf | FIA Formula One Sporting Regulations - https://www.fia.com/regulation/category/110
gpq_10149,F1レース別出来事・マニア,F1技術規定・メカニカル,5,2025,技術総合,race|2025|技術総合|pushrod,空力連成：F1の「プッシュロッド式サスペンション」について正しい説明は？,ロッカーを介して車体内側のスプリング/ダンパーを作動させる構成,ブレーキディスクを車外に吊るす構成,ドライバーが直接ダンパーを手で押す構成,タイヤ内部に燃料を入れる構成,0,プッシュロッドは空力・重心・整備性を含めた設計判断に関わります。,FIA Formula One Technical Regulations 2025 - https://www.fia.com/sites/default/files/documents/fia_2025_formula_1_technical_regulations_-_issue_03_-_2025-04-07.pdf | FIA Formula One Sporting Regulations - https://www.fia.com/regulation/category/110
gpq_10150,F1レース別出来事・マニア,F1技術規定・メカニカル,5,2025,技術総合,race|2025|技術総合|pushrod,実戦影響：F1の「プッシュロッド式サスペンション」について正しい説明は？,ブレーキディスクを車外に吊るす構成,タイヤ内部に燃料を入れる構成,ドライバーが直接ダンパーを手で押す構成,ロッカーを介して車体内側のスプリング/ダンパーを作動させる構成,3,プッシュロッドは空力・重心・整備性を含めた設計判断に関わります。,FIA Formula One Technical Regulations 2025 - https://www.fia.com/sites/default/files/documents/fia_2025_formula_1_technical_regulations_-_issue_03_-_2025-04-07.pdf | FIA Formula One Sporting Regulations - https://www.fia.com/regulation/category/110
gpq_10151,F1レース別出来事・マニア,F1技術規定・メカニカル,5,2025,技術総合,race|2025|技術総合|pushrod,マニア向け：F1の「プッシュロッド式サスペンション」について正しい説明は？,ロッカーを介して車体内側のスプリング/ダンパーを作動させる構成,タイヤ内部に燃料を入れる構成,ドライバーが直接ダンパーを手で押す構成,ブレーキディスクを車外に吊るす構成,0,プッシュロッドは空力・重心・整備性を含めた設計判断に関わります。,FIA Formula One Technical Regulations 2025 - https://www.fia.com/sites/default/files/documents/fia_2025_formula_1_technical_regulations_-_issue_03_-_2025-04-07.pdf | FIA Formula One Sporting Regulations - https://www.fia.com/regulation/category/110
gpq_10152,F1レース別出来事・マニア,F1技術規定・メカニカル,5,2025,技術総合,race|2025|技術総合|pullrod,構造理解：F1の「プルロッド式サスペンション」について正しい説明は？,エンジンを吊り下げる方式,タイヤをワイヤーで引っ張るだけの構成,ウイングを油圧で常に上げる構成,ロッドを引く方向で車体内側のスプリング/ダンパーを作動させる構成,3,プルロッドは低重心化や空力パッケージに関係します。,FIA Formula One Technical Regulations 2025 - https://www.fia.com/sites/default/files/documents/fia_2025_formula_1_technical_regulations_-_issue_03_-_2025-04-07.pdf | FIA Formula One Sporting Regulations - https://www.fia.com/regulation/category/110
gpq_10153,F1レース別出来事・マニア,F1技術規定・メカニカル,5,2025,技術総合,race|2025|技術総合|pullrod,空力連成：F1の「プルロッド式サスペンション」について正しい説明は？,ロッドを引く方向で車体内側のスプリング/ダンパーを作動させる構成,ウイングを油圧で常に上げる構成,エンジンを吊り下げる方式,タイヤをワイヤーで引っ張るだけの構成,0,プルロッドは低重心化や空力パッケージに関係します。,FIA Formula One Technical Regulations 2025 - https://www.fia.com/sites/default/files/documents/fia_2025_formula_1_technical_regulations_-_issue_03_-_2025-04-07.pdf | FIA Formula One Sporting Regulations - https://www.fia.com/regulation/category/110
gpq_10154,F1レース別出来事・マニア,F1技術規定・メカニカル,5,2025,技術総合,race|2025|技術総合|pullrod,実戦影響：F1の「プルロッド式サスペンション」について正しい説明は？,タイヤをワイヤーで引っ張るだけの構成,ロッドを引く方向で車体内側のスプリング/ダンパーを作動させる構成,ウイングを油圧で常に上げる構成,エンジンを吊り下げる方式,1,プルロッドは低重心化や空力パッケージに関係します。,FIA Formula One Technical Regulations 2025 - https://www.fia.com/sites/default/files/documents/fia_2025_formula_1_technical_regulations_-_issue_03_-_2025-04-07.pdf | FIA Formula One Sporting Regulations - https://www.fia.com/regulation/category/110
gpq_10155,F1レース別出来事・マニア,F1技術規定・メカニカル,5,2025,技術総合,race|2025|技術総合|pullrod,マニア向け：F1の「プルロッド式サスペンション」について正しい説明は？,タイヤをワイヤーで引っ張るだけの構成,ウイングを油圧で常に上げる構成,ロッドを引く方向で車体内側のスプリング/ダンパーを作動させる構成,エンジンを吊り下げる方式,2,プルロッドは低重心化や空力パッケージに関係します。,FIA Formula One Technical Regulations 2025 - https://www.fia.com/sites/default/files/documents/fia_2025_formula_1_technical_regulations_-_issue_03_-_2025-04-07.pdf | FIA Formula One Sporting Regulations - https://www.fia.com/regulation/category/110
gpq_10156,F1レース別出来事・マニア,F1空力・サスペンション,5,2025,技術総合,race|2025|技術総合|anti_dive,構造理解：F1の「アンチダイブ」について正しい説明は？,ブレーキング時の車体前下がりを抑えるジオメトリ思想,雨用タイヤの溝を浅くする作業,直線だけでDRSを閉じる規則,燃料タンクを2つに分けること,0,サスペンションアーム角度でピッチ姿勢を制御し、空力安定にも関係します。,FIA Formula One Technical Regulations 2025 - https://www.fia.com/sites/default/files/documents/fia_2025_formula_1_technical_regulations_-_issue_03_-_2025-04-07.pdf | FIA Formula One Sporting Regulations - https://www.fia.com/regulation/category/110
gpq_10157,F1レース別出来事・マニア,F1空力・サスペンション,5,2025,技術総合,race|2025|技術総合|anti_dive,空力連成：F1の「アンチダイブ」について正しい説明は？,直線だけでDRSを閉じる規則,雨用タイヤの溝を浅くする作業,ブレーキング時の車体前下がりを抑えるジオメトリ思想,燃料タンクを2つに分けること,2,サスペンションアーム角度でピッチ姿勢を制御し、空力安定にも関係します。,FIA Formula One Technical Regulations 2025 - https://www.fia.com/sites/default/files/documents/fia_2025_formula_1_technical_regulations_-_issue_03_-_2025-04-07.pdf | FIA Formula One Sporting Regulations - https://www.fia.com/regulation/category/110
gpq_10158,F1レース別出来事・マニア,F1空力・サスペンション,5,2025,技術総合,race|2025|技術総合|anti_dive,実戦影響：F1の「アンチダイブ」について正しい説明は？,直線だけでDRSを閉じる規則,ブレーキング時の車体前下がりを抑えるジオメトリ思想,燃料タンクを2つに分けること,雨用タイヤの溝を浅くする作業,1,サスペンションアーム角度でピッチ姿勢を制御し、空力安定にも関係します。,FIA Formula One Technical Regulations 2025 - https://www.fia.com/sites/default/files/documents/fia_2025_formula_1_technical_regulations_-_issue_03_-_2025-04-07.pdf | FIA Formula One Sporting Regulations - https://www.fia.com/regulation/category/110
gpq_10159,F1レース別出来事・マニア,F1空力・サスペンション,5,2025,技術総合,race|2025|技術総合|anti_dive,マニア向け：F1の「アンチダイブ」について正しい説明は？,雨用タイヤの溝を浅くする作業,ブレーキング時の車体前下がりを抑えるジオメトリ思想,直線だけでDRSを閉じる規則,燃料タンクを2つに分けること,1,サスペンションアーム角度でピッチ姿勢を制御し、空力安定にも関係します。,FIA Formula One Technical Regulations 2025 - https://www.fia.com/sites/default/files/documents/fia_2025_formula_1_technical_regulations_-_issue_03_-_2025-04-07.pdf | FIA Formula One Sporting Regulations - https://www.fia.com/regulation/category/110
gpq_10160,F1レース別出来事・マニア,F1空力・サスペンション,5,2025,技術総合,race|2025|技術総合|anti_squat,構造理解：F1の「アンチスクワット」について正しい説明は？,加速時のリア沈み込みを抑えるジオメトリ思想,フロントウイングを外す作業,ブレーキ温度を上げる規則,タイヤ交換時の合図,0,リアの姿勢変化はトラクションと床下空力に関係します。,FIA Formula One Technical Regulations 2025 - https://www.fia.com/sites/default/files/documents/fia_2025_formula_1_technical_regulations_-_issue_03_-_2025-04-07.pdf | FIA Formula One Sporting Regulations - https://www.fia.com/regulation/category/110
gpq_10161,F1レース別出来事・マニア,F1空力・サスペンション,5,2025,技術総合,race|2025|技術総合|anti_squat,空力連成：F1の「アンチスクワット」について正しい説明は？,タイヤ交換時の合図,フロントウイングを外す作業,加速時のリア沈み込みを抑えるジオメトリ思想,ブレーキ温度を上げる規則,2,リアの姿勢変化はトラクションと床下空力に関係します。,FIA Formula One Technical Regulations 2025 - https://www.fia.com/sites/default/files/documents/fia_2025_formula_1_technical_regulations_-_issue_03_-_2025-04-07.pdf | FIA Formula One Sporting Regulations - https://www.fia.com/regulation/category/110
gpq_10162,F1レース別出来事・マニア,F1空力・サスペンション,5,2025,技術総合,race|2025|技術総合|anti_squat,実戦影響：F1の「アンチスクワット」について正しい説明は？,加速時のリア沈み込みを抑えるジオメトリ思想,タイヤ交換時の合図,フロントウイングを外す作業,ブレーキ温度を上げる規則,0,リアの姿勢変化はトラクションと床下空力に関係します。,FIA Formula One Technical Regulations 2025 - https://www.fia.com/sites/default/files/documents/fia_2025_formula_1_technical_regulations_-_issue_03_-_2025-04-07.pdf | FIA Formula One Sporting Regulations - https://www.fia.com/regulation/category/110
gpq_10163,F1レース別出来事・マニア,F1空力・サスペンション,5,2025,技術総合,race|2025|技術総合|anti_squat,マニア向け：F1の「アンチスクワット」について正しい説明は？,タイヤ交換時の合図,フロントウイングを外す作業,加速時のリア沈み込みを抑えるジオメトリ思想,ブレーキ温度を上げる規則,2,リアの姿勢変化はトラクションと床下空力に関係します。,FIA Formula One Technical Regulations 2025 - https://www.fia.com/sites/default/files/documents/fia_2025_formula_1_technical_regulations_-_issue_03_-_2025-04-07.pdf | FIA Formula One Sporting Regulations - https://www.fia.com/regulation/category/110
gpq_10164,F1レース別出来事・マニア,F1空力・サスペンション,5,2025,技術総合,race|2025|技術総合|ride_height,構造理解：F1の「ライドハイト管理」について正しい説明は？,燃料の色を調整すること,ヘルメットの重量を増やすこと,車高を適切に保ち床下空力を安定させること,ミラーを畳むこと,2,グラウンドエフェクト時代では車高管理が性能に直結します。,FIA Formula One Technical Regulations 2025 - https://www.fia.com/sites/default/files/documents/fia_2025_formula_1_technical_regulations_-_issue_03_-_2025-04-07.pdf | FIA Formula One Sporting Regulations - https://www.fia.com/regulation/category/110
gpq_10165,F1レース別出来事・マニア,F1空力・サスペンション,5,2025,技術総合,race|2025|技術総合|ride_height,空力連成：F1の「ライドハイト管理」について正しい説明は？,燃料の色を調整すること,ミラーを畳むこと,ヘルメットの重量を増やすこと,車高を適切に保ち床下空力を安定させること,3,グラウンドエフェクト時代では車高管理が性能に直結します。,FIA Formula One Technical Regulations 2025 - https://www.fia.com/sites/default/files/documents/fia_2025_formula_1_technical_regulations_-_issue_03_-_2025-04-07.pdf | FIA Formula One Sporting Regulations - https://www.fia.com/regulation/category/110
gpq_10166,F1レース別出来事・マニア,F1空力・サスペンション,5,2025,技術総合,race|2025|技術総合|ride_height,実戦影響：F1の「ライドハイト管理」について正しい説明は？,ミラーを畳むこと,燃料の色を調整すること,車高を適切に保ち床下空力を安定させること,ヘルメットの重量を増やすこと,2,グラウンドエフェクト時代では車高管理が性能に直結します。,FIA Formula One Technical Regulations 2025 - https://www.fia.com/sites/default/files/documents/fia_2025_formula_1_technical_regulations_-_issue_03_-_2025-04-07.pdf | FIA Formula One Sporting Regulations - https://www.fia.com/regulation/category/110
gpq_10167,F1レース別出来事・マニア,F1空力・サスペンション,5,2025,技術総合,race|2025|技術総合|ride_height,マニア向け：F1の「ライドハイト管理」について正しい説明は？,車高を適切に保ち床下空力を安定させること,ミラーを畳むこと,ヘルメットの重量を増やすこと,燃料の色を調整すること,0,グラウンドエフェクト時代では車高管理が性能に直結します。,FIA Formula One Technical Regulations 2025 - https://www.fia.com/sites/default/files/documents/fia_2025_formula_1_technical_regulations_-_issue_03_-_2025-04-07.pdf | FIA Formula One Sporting Regulations - https://www.fia.com/regulation/category/110
gpq_10168,F1レース別出来事・マニア,F1空力・サスペンション,5,2025,技術総合,race|2025|技術総合|heave_spring,構造理解：F1の「ヒーブスプリング」について正しい説明は？,燃料ポンプの別名,左右輪同相の上下動に効くサスペンション要素,左右逆相だけを止めるステアリング,ブレーキ液の銘柄,1,車体の上下動を管理し、空力姿勢の安定に寄与します。,FIA Formula One Technical Regulations 2025 - https://www.fia.com/sites/default/files/documents/fia_2025_formula_1_technical_regulations_-_issue_03_-_2025-04-07.pdf | FIA Formula One Sporting Regulations - https://www.fia.com/regulation/category/110
gpq_10169,F1レース別出来事・マニア,F1空力・サスペンション,5,2025,技術総合,race|2025|技術総合|heave_spring,空力連成：F1の「ヒーブスプリング」について正しい説明は？,ブレーキ液の銘柄,左右輪同相の上下動に効くサスペンション要素,左右逆相だけを止めるステアリング,燃料ポンプの別名,1,車体の上下動を管理し、空力姿勢の安定に寄与します。,FIA Formula One Technical Regulations 2025 - https://www.fia.com/sites/default/files/documents/fia_2025_formula_1_technical_regulations_-_issue_03_-_2025-04-07.pdf | FIA Formula One Sporting Regulations - https://www.fia.com/regulation/category/110
gpq_10170,F1レース別出来事・マニア,F1空力・サスペンション,5,2025,技術総合,race|2025|技術総合|heave_spring,実戦影響：F1の「ヒーブスプリング」について正しい説明は？,燃料ポンプの別名,ブレーキ液の銘柄,左右輪同相の上下動に効くサスペンション要素,左右逆相だけを止めるステアリング,2,車体の上下動を管理し、空力姿勢の安定に寄与します。,FIA Formula One Technical Regulations 2025 - https://www.fia.com/sites/default/files/documents/fia_2025_formula_1_technical_regulations_-_issue_03_-_2025-04-07.pdf | FIA Formula One Sporting Regulations - https://www.fia.com/regulation/category/110
gpq_10171,F1レース別出来事・マニア,F1空力・サスペンション,5,2025,技術総合,race|2025|技術総合|heave_spring,マニア向け：F1の「ヒーブスプリング」について正しい説明は？,ブレーキ液の銘柄,左右逆相だけを止めるステアリング,左右輪同相の上下動に効くサスペンション要素,燃料ポンプの別名,2,車体の上下動を管理し、空力姿勢の安定に寄与します。,FIA Formula One Technical Regulations 2025 - https://www.fia.com/sites/default/files/documents/fia_2025_formula_1_technical_regulations_-_issue_03_-_2025-04-07.pdf | FIA Formula One Sporting Regulations - https://www.fia.com/regulation/category/110
gpq_10172,F1レース別出来事・マニア,F1空力・サスペンション,5,2025,技術総合,race|2025|技術総合|third_element,構造理解：F1の「サードエレメント」について正しい説明は？,3人目のドライバーが必ず乗る規則,左右共通の車体上下動やピッチ制御に関係する要素,3枚目のナンバープレート,3本目の前輪,1,F1の足回りでは車高・ピッチ管理が重要です。,FIA Formula One Technical Regulations 2025 - https://www.fia.com/sites/default/files/documents/fia_2025_formula_1_technical_regulations_-_issue_03_-_2025-04-07.pdf | FIA Formula One Sporting Regulations - https://www.fia.com/regulation/category/110
gpq_10173,F1レース別出来事・マニア,F1空力・サスペンション,5,2025,技術総合,race|2025|技術総合|third_element,空力連成：F1の「サードエレメント」について正しい説明は？,3本目の前輪,3枚目のナンバープレート,3人目のドライバーが必ず乗る規則,左右共通の車体上下動やピッチ制御に関係する要素,3,F1の足回りでは車高・ピッチ管理が重要です。,FIA Formula One Technical Regulations 2025 - https://www.fia.com/sites/default/files/documents/fia_2025_formula_1_technical_regulations_-_issue_03_-_2025-04-07.pdf | FIA Formula One Sporting Regulations - https://www.fia.com/regulation/category/110
gpq_10174,F1レース別出来事・マニア,F1空力・サスペンション,5,2025,技術総合,race|2025|技術総合|third_element,実戦影響：F1の「サードエレメント」について正しい説明は？,左右共通の車体上下動やピッチ制御に関係する要素,3人目のドライバーが必ず乗る規則,3本目の前輪,3枚目のナンバープレート,0,F1の足回りでは車高・ピッチ管理が重要です。,FIA Formula One Technical Regulations 2025 - https://www.fia.com/sites/default/files/documents/fia_2025_formula_1_technical_regulations_-_issue_03_-_2025-04-07.pdf | FIA Formula One Sporting Regulations - https://www.fia.com/regulation/category/110
gpq_10175,F1レース別出来事・マニア,F1空力・サスペンション,5,2025,技術総合,race|2025|技術総合|third_element,マニア向け：F1の「サードエレメント」について正しい説明は？,3人目のドライバーが必ず乗る規則,3本目の前輪,3枚目のナンバープレート,左右共通の車体上下動やピッチ制御に関係する要素,3,F1の足回りでは車高・ピッチ管理が重要です。,FIA Formula One Technical Regulations 2025 - https://www.fia.com/sites/default/files/documents/fia_2025_formula_1_technical_regulations_-_issue_03_-_2025-04-07.pdf | FIA Formula One Sporting Regulations - https://www.fia.com/regulation/category/110
gpq_10176,F1レース別出来事・マニア,F1ブレーキ・冷却,5,2025,技術総合,race|2025|技術総合|brake_by_wire,構造理解：F1の「ブレーキ・バイ・ワイヤ」について正しい説明は？,タイヤ交換用工具,リア側制動と回生を協調させる電子制御を含む仕組み,ブレーキを禁止する規則,完全にワイヤーだけで止める古典装置,1,回生ブレーキとのバランス制御が現代F1で重要です。,FIA Formula One Technical Regulations 2025 - https://www.fia.com/sites/default/files/documents/fia_2025_formula_1_technical_regulations_-_issue_03_-_2025-04-07.pdf | FIA Formula One Sporting Regulations - https://www.fia.com/regulation/category/110
gpq_10177,F1レース別出来事・マニア,F1ブレーキ・冷却,5,2025,技術総合,race|2025|技術総合|brake_by_wire,空力連成：F1の「ブレーキ・バイ・ワイヤ」について正しい説明は？,ブレーキを禁止する規則,リア側制動と回生を協調させる電子制御を含む仕組み,完全にワイヤーだけで止める古典装置,タイヤ交換用工具,1,回生ブレーキとのバランス制御が現代F1で重要です。,FIA Formula One Technical Regulations 2025 - https://www.fia.com/sites/default/files/documents/fia_2025_formula_1_technical_regulations_-_issue_03_-_2025-04-07.pdf | FIA Formula One Sporting Regulations - https://www.fia.com/regulation/category/110
gpq_10178,F1レース別出来事・マニア,F1ブレーキ・冷却,5,2025,技術総合,race|2025|技術総合|brake_by_wire,実戦影響：F1の「ブレーキ・バイ・ワイヤ」について正しい説明は？,ブレーキを禁止する規則,リア側制動と回生を協調させる電子制御を含む仕組み,完全にワイヤーだけで止める古典装置,タイヤ交換用工具,1,回生ブレーキとのバランス制御が現代F1で重要です。,FIA Formula One Technical Regulations 2025 - https://www.fia.com/sites/default/files/documents/fia_2025_formula_1_technical_regulations_-_issue_03_-_2025-04-07.pdf | FIA Formula One Sporting Regulations - https://www.fia.com/regulation/category/110
gpq_10179,F1レース別出来事・マニア,F1ブレーキ・冷却,5,2025,技術総合,race|2025|技術総合|brake_by_wire,マニア向け：F1の「ブレーキ・バイ・ワイヤ」について正しい説明は？,リア側制動と回生を協調させる電子制御を含む仕組み,ブレーキを禁止する規則,完全にワイヤーだけで止める古典装置,タイヤ交換用工具,0,回生ブレーキとのバランス制御が現代F1で重要です。,FIA Formula One Technical Regulations 2025 - https://www.fia.com/sites/default/files/documents/fia_2025_formula_1_technical_regulations_-_issue_03_-_2025-04-07.pdf | FIA Formula One Sporting Regulations - https://www.fia.com/regulation/category/110
gpq_10180,F1レース別出来事・マニア,F1ブレーキ・冷却,5,2025,技術総合,race|2025|技術総合|brake_duct,構造理解：F1の「ブレーキダクト」について正しい説明は？,燃料を注ぐ穴,ドライバー用の飲料チューブ,無線アンテナ,ブレーキ冷却と周辺空力に関わる開口・通路,3,ブレーキ温度と空力の両立が設計ポイントになります。,FIA Formula One Technical Regulations 2025 - https://www.fia.com/sites/default/files/documents/fia_2025_formula_1_technical_regulations_-_issue_03_-_2025-04-07.pdf | FIA Formula One Sporting Regulations - https://www.fia.com/regulation/category/110
gpq_10181,F1レース別出来事・マニア,F1ブレーキ・冷却,5,2025,技術総合,race|2025|技術総合|brake_duct,空力連成：F1の「ブレーキダクト」について正しい説明は？,無線アンテナ,燃料を注ぐ穴,ブレーキ冷却と周辺空力に関わる開口・通路,ドライバー用の飲料チューブ,2,ブレーキ温度と空力の両立が設計ポイントになります。,FIA Formula One Technical Regulations 2025 - https://www.fia.com/sites/default/files/documents/fia_2025_formula_1_technical_regulations_-_issue_03_-_2025-04-07.pdf | FIA Formula One Sporting Regulations - https://www.fia.com/regulation/category/110
gpq_10182,F1レース別出来事・マニア,F1ブレーキ・冷却,5,2025,技術総合,race|2025|技術総合|brake_duct,実戦影響：F1の「ブレーキダクト」について正しい説明は？,ブレーキ冷却と周辺空力に関わる開口・通路,ドライバー用の飲料チューブ,無線アンテナ,燃料を注ぐ穴,0,ブレーキ温度と空力の両立が設計ポイントになります。,FIA Formula One Technical Regulations 2025 - https://www.fia.com/sites/default/files/documents/fia_2025_formula_1_technical_regulations_-_issue_03_-_2025-04-07.pdf | FIA Formula One Sporting Regulations - https://www.fia.com/regulation/category/110
gpq_10183,F1レース別出来事・マニア,F1ブレーキ・冷却,5,2025,技術総合,race|2025|技術総合|brake_duct,マニア向け：F1の「ブレーキダクト」について正しい説明は？,ドライバー用の飲料チューブ,燃料を注ぐ穴,ブレーキ冷却と周辺空力に関わる開口・通路,無線アンテナ,2,ブレーキ温度と空力の両立が設計ポイントになります。,FIA Formula One Technical Regulations 2025 - https://www.fia.com/sites/default/files/documents/fia_2025_formula_1_technical_regulations_-_issue_03_-_2025-04-07.pdf | FIA Formula One Sporting Regulations - https://www.fia.com/regulation/category/110
gpq_10184,F1レース別出来事・マニア,F1ブレーキ・冷却,5,2025,技術総合,race|2025|技術総合|carbon_brake,構造理解：F1の「カーボンブレーキ」について正しい説明は？,雨天で必ず使用禁止の装置,高温域で性能を発揮する軽量なブレーキシステム,電波で止める装置,低温だけで最も効く木製ブレーキ,1,温度管理を外すと効きや扱いやすさに影響します。,FIA Formula One Technical Regulations 2025 - https://www.fia.com/sites/default/files/documents/fia_2025_formula_1_technical_regulations_-_issue_03_-_2025-04-07.pdf | FIA Formula One Sporting Regulations - https://www.fia.com/regulation/category/110
gpq_10185,F1レース別出来事・マニア,F1ブレーキ・冷却,5,2025,技術総合,race|2025|技術総合|carbon_brake,空力連成：F1の「カーボンブレーキ」について正しい説明は？,電波で止める装置,低温だけで最も効く木製ブレーキ,高温域で性能を発揮する軽量なブレーキシステム,雨天で必ず使用禁止の装置,2,温度管理を外すと効きや扱いやすさに影響します。,FIA Formula One Technical Regulations 2025 - https://www.fia.com/sites/default/files/documents/fia_2025_formula_1_technical_regulations_-_issue_03_-_2025-04-07.pdf | FIA Formula One Sporting Regulations - https://www.fia.com/regulation/category/110
gpq_10186,F1レース別出来事・マニア,F1ブレーキ・冷却,5,2025,技術総合,race|2025|技術総合|carbon_brake,実戦影響：F1の「カーボンブレーキ」について正しい説明は？,雨天で必ず使用禁止の装置,低温だけで最も効く木製ブレーキ,高温域で性能を発揮する軽量なブレーキシステム,電波で止める装置,2,温度管理を外すと効きや扱いやすさに影響します。,FIA Formula One Technical Regulations 2025 - https://www.fia.com/sites/default/files/documents/fia_2025_formula_1_technical_regulations_-_issue_03_-_2025-04-07.pdf | FIA Formula One Sporting Regulations - https://www.fia.com/regulation/category/110
gpq_10187,F1レース別出来事・マニア,F1ブレーキ・冷却,5,2025,技術総合,race|2025|技術総合|carbon_brake,マニア向け：F1の「カーボンブレーキ」について正しい説明は？,低温だけで最も効く木製ブレーキ,高温域で性能を発揮する軽量なブレーキシステム,雨天で必ず使用禁止の装置,電波で止める装置,1,温度管理を外すと効きや扱いやすさに影響します。,FIA Formula One Technical Regulations 2025 - https://www.fia.com/sites/default/files/documents/fia_2025_formula_1_technical_regulations_-_issue_03_-_2025-04-07.pdf | FIA Formula One Sporting Regulations - https://www.fia.com/regulation/category/110
gpq_10188,F1レース別出来事・マニア,F1パワーユニット・ERS,5,2025,技術総合,race|2025|技術総合|turbo_lag,構造理解：F1の「ターボラグ低減」について正しい説明は？,タイヤを細くすること,過給応答の遅れを小さくして加速応答を改善すること,給油量を増やすこと,ブレーキを重くすること,1,現代PUでは電動機制御もターボ応答に関係します。,FIA Formula One Technical Regulations 2025 - https://www.fia.com/sites/default/files/documents/fia_2025_formula_1_technical_regulations_-_issue_03_-_2025-04-07.pdf | FIA Formula One Sporting Regulations - https://www.fia.com/regulation/category/110
gpq_10189,F1レース別出来事・マニア,F1パワーユニット・ERS,5,2025,技術総合,race|2025|技術総合|turbo_lag,空力連成：F1の「ターボラグ低減」について正しい説明は？,給油量を増やすこと,タイヤを細くすること,過給応答の遅れを小さくして加速応答を改善すること,ブレーキを重くすること,2,現代PUでは電動機制御もターボ応答に関係します。,FIA Formula One Technical Regulations 2025 - https://www.fia.com/sites/default/files/documents/fia_2025_formula_1_technical_regulations_-_issue_03_-_2025-04-07.pdf | FIA Formula One Sporting Regulations - https://www.fia.com/regulation/category/110
gpq_10190,F1レース別出来事・マニア,F1パワーユニット・ERS,5,2025,技術総合,race|2025|技術総合|turbo_lag,実戦影響：F1の「ターボラグ低減」について正しい説明は？,過給応答の遅れを小さくして加速応答を改善すること,ブレーキを重くすること,給油量を増やすこと,タイヤを細くすること,0,現代PUでは電動機制御もターボ応答に関係します。,FIA Formula One Technical Regulations 2025 - https://www.fia.com/sites/default/files/documents/fia_2025_formula_1_technical_regulations_-_issue_03_-_2025-04-07.pdf | FIA Formula One Sporting Regulations - https://www.fia.com/regulation/category/110
gpq_10191,F1レース別出来事・マニア,F1パワーユニット・ERS,5,2025,技術総合,race|2025|技術総合|turbo_lag,マニア向け：F1の「ターボラグ低減」について正しい説明は？,給油量を増やすこと,過給応答の遅れを小さくして加速応答を改善すること,タイヤを細くすること,ブレーキを重くすること,1,現代PUでは電動機制御もターボ応答に関係します。,FIA Formula One Technical Regulations 2025 - https://www.fia.com/sites/default/files/documents/fia_2025_formula_1_technical_regulations_-_issue_03_-_2025-04-07.pdf | FIA Formula One Sporting Regulations - https://www.fia.com/regulation/category/110
gpq_10192,F1レース別出来事・マニア,F1パワーユニット・ERS,5,2025,技術総合,race|2025|技術総合|mguk_deploy,構造理解：F1の「MGU-Kデプロイ」について正しい説明は？,ドライバーを交代すること,回生した電気エネルギーを駆動補助として使うこと,リアウイングを外すこと,タイヤ内圧を抜くこと,1,デプロイ配分は予選・決勝の戦略に関わります。,FIA Formula One Technical Regulations 2025 - https://www.fia.com/sites/default/files/documents/fia_2025_formula_1_technical_regulations_-_issue_03_-_2025-04-07.pdf | FIA Formula One Sporting Regulations - https://www.fia.com/regulation/category/110
gpq_10193,F1レース別出来事・マニア,F1パワーユニット・ERS,5,2025,技術総合,race|2025|技術総合|mguk_deploy,空力連成：F1の「MGU-Kデプロイ」について正しい説明は？,回生した電気エネルギーを駆動補助として使うこと,リアウイングを外すこと,ドライバーを交代すること,タイヤ内圧を抜くこと,0,デプロイ配分は予選・決勝の戦略に関わります。,FIA Formula One Technical Regulations 2025 - https://www.fia.com/sites/default/files/documents/fia_2025_formula_1_technical_regulations_-_issue_03_-_2025-04-07.pdf | FIA Formula One Sporting Regulations - https://www.fia.com/regulation/category/110
gpq_10194,F1レース別出来事・マニア,F1パワーユニット・ERS,5,2025,技術総合,race|2025|技術総合|mguk_deploy,実戦影響：F1の「MGU-Kデプロイ」について正しい説明は？,ドライバーを交代すること,回生した電気エネルギーを駆動補助として使うこと,リアウイングを外すこと,タイヤ内圧を抜くこと,1,デプロイ配分は予選・決勝の戦略に関わります。,FIA Formula One Technical Regulations 2025 - https://www.fia.com/sites/default/files/documents/fia_2025_formula_1_technical_regulations_-_issue_03_-_2025-04-07.pdf | FIA Formula One Sporting Regulations - https://www.fia.com/regulation/category/110
gpq_10195,F1レース別出来事・マニア,F1パワーユニット・ERS,5,2025,技術総合,race|2025|技術総合|mguk_deploy,マニア向け：F1の「MGU-Kデプロイ」について正しい説明は？,回生した電気エネルギーを駆動補助として使うこと,タイヤ内圧を抜くこと,ドライバーを交代すること,リアウイングを外すこと,0,デプロイ配分は予選・決勝の戦略に関わります。,FIA Formula One Technical Regulations 2025 - https://www.fia.com/sites/default/files/documents/fia_2025_formula_1_technical_regulations_-_issue_03_-_2025-04-07.pdf | FIA Formula One Sporting Regulations - https://www.fia.com/regulation/category/110
gpq_10196,F1レース別出来事・マニア,F1パワーユニット・ERS,5,2025,技術総合,race|2025|技術総合|mguh,構造理解：F1の「MGU-H制御」について正しい説明は？,タイヤ交換の速度制御,ヘルメットの冷却だけを行う制御,ターボの回転制御や熱エネルギー回生に関わる制御,青旗表示の制御,2,MGU-Hはターボ応答やエネルギーマネジメントに関わります。,FIA Formula One Technical Regulations 2025 - https://www.fia.com/sites/default/files/documents/fia_2025_formula_1_technical_regulations_-_issue_03_-_2025-04-07.pdf | FIA Formula One Sporting Regulations - https://www.fia.com/regulation/category/110
gpq_10197,F1レース別出来事・マニア,F1パワーユニット・ERS,5,2025,技術総合,race|2025|技術総合|mguh,空力連成：F1の「MGU-H制御」について正しい説明は？,ターボの回転制御や熱エネルギー回生に関わる制御,ヘルメットの冷却だけを行う制御,青旗表示の制御,タイヤ交換の速度制御,0,MGU-Hはターボ応答やエネルギーマネジメントに関わります。,FIA Formula One Technical Regulations 2025 - https://www.fia.com/sites/default/files/documents/fia_2025_formula_1_technical_regulations_-_issue_03_-_2025-04-07.pdf | FIA Formula One Sporting Regulations - https://www.fia.com/regulation/category/110
gpq_10198,F1レース別出来事・マニア,F1パワーユニット・ERS,5,2025,技術総合,race|2025|技術総合|mguh,実戦影響：F1の「MGU-H制御」について正しい説明は？,タイヤ交換の速度制御,青旗表示の制御,ヘルメットの冷却だけを行う制御,ターボの回転制御や熱エネルギー回生に関わる制御,3,MGU-Hはターボ応答やエネルギーマネジメントに関わります。,FIA Formula One Technical Regulations 2025 - https://www.fia.com/sites/default/files/documents/fia_2025_formula_1_technical_regulations_-_issue_03_-_2025-04-07.pdf | FIA Formula One Sporting Regulations - https://www.fia.com/regulation/category/110
gpq_10199,F1レース別出来事・マニア,F1パワーユニット・ERS,5,2025,技術総合,race|2025|技術総合|mguh,マニア向け：F1の「MGU-H制御」について正しい説明は？,タイヤ交換の速度制御,青旗表示の制御,ヘルメットの冷却だけを行う制御,ターボの回転制御や熱エネルギー回生に関わる制御,3,MGU-Hはターボ応答やエネルギーマネジメントに関わります。,FIA Formula One Technical Regulations 2025 - https://www.fia.com/sites/default/files/documents/fia_2025_formula_1_technical_regulations_-_issue_03_-_2025-04-07.pdf | FIA Formula One Sporting Regulations - https://www.fia.com/regulation/category/110
gpq_10200,F1レース別出来事・マニア,F1空力・サスペンション,5,2025,技術総合,race|2025|技術総合|outwash,構造理解：F1の「アウトウォッシュ」について正しい説明は？,ドライバーが外側を向く姿勢,前輪周辺の乱れた空気を外側へ逃がす空力思想,タイヤを水洗いする作業,燃料を外へ捨てる操作,1,前輪後流の処理はフロアやサイドポッドへの流れに影響します。,FIA Formula One Technical Regulations 2025 - https://www.fia.com/sites/default/files/documents/fia_2025_formula_1_technical_regulations_-_issue_03_-_2025-04-07.pdf | FIA Formula One Sporting Regulations - https://www.fia.com/regulation/category/110
gpq_10201,F1レース別出来事・マニア,F1空力・サスペンション,5,2025,技術総合,race|2025|技術総合|outwash,空力連成：F1の「アウトウォッシュ」について正しい説明は？,前輪周辺の乱れた空気を外側へ逃がす空力思想,タイヤを水洗いする作業,ドライバーが外側を向く姿勢,燃料を外へ捨てる操作,0,前輪後流の処理はフロアやサイドポッドへの流れに影響します。,FIA Formula One Technical Regulations 2025 - https://www.fia.com/sites/default/files/documents/fia_2025_formula_1_technical_regulations_-_issue_03_-_2025-04-07.pdf | FIA Formula One Sporting Regulations - https://www.fia.com/regulation/category/110
gpq_10202,F1レース別出来事・マニア,F1空力・サスペンション,5,2025,技術総合,race|2025|技術総合|outwash,実戦影響：F1の「アウトウォッシュ」について正しい説明は？,タイヤを水洗いする作業,燃料を外へ捨てる操作,ドライバーが外側を向く姿勢,前輪周辺の乱れた空気を外側へ逃がす空力思想,3,前輪後流の処理はフロアやサイドポッドへの流れに影響します。,FIA Formula One Technical Regulations 2025 - https://www.fia.com/sites/default/files/documents/fia_2025_formula_1_technical_regulations_-_issue_03_-_2025-04-07.pdf | FIA Formula One Sporting Regulations - https://www.fia.com/regulation/category/110
gpq_10203,F1レース別出来事・マニア,F1空力・サスペンション,5,2025,技術総合,race|2025|技術総合|outwash,マニア向け：F1の「アウトウォッシュ」について正しい説明は？,ドライバーが外側を向く姿勢,前輪周辺の乱れた空気を外側へ逃がす空力思想,タイヤを水洗いする作業,燃料を外へ捨てる操作,1,前輪後流の処理はフロアやサイドポッドへの流れに影響します。,FIA Formula One Technical Regulations 2025 - https://www.fia.com/sites/default/files/documents/fia_2025_formula_1_technical_regulations_-_issue_03_-_2025-04-07.pdf | FIA Formula One Sporting Regulations - https://www.fia.com/regulation/category/110
gpq_10204,F1レース別出来事・マニア,F1空力・サスペンション,5,2025,技術総合,race|2025|技術総合|inwash,構造理解：F1の「インウォッシュ」について正しい説明は？,車体内に雨水を入れること,燃料を内側タンクへ戻すこと,空気を内側方向へ誘導する空力思想,タイヤを内側に倒す整備,2,規則や設計思想によって前輪後流の扱いは変化します。,FIA Formula One Technical Regulations 2025 - https://www.fia.com/sites/default/files/documents/fia_2025_formula_1_technical_regulations_-_issue_03_-_2025-04-07.pdf | FIA Formula One Sporting Regulations - https://www.fia.com/regulation/category/110
gpq_10205,F1レース別出来事・マニア,F1空力・サスペンション,5,2025,技術総合,race|2025|技術総合|inwash,空力連成：F1の「インウォッシュ」について正しい説明は？,空気を内側方向へ誘導する空力思想,燃料を内側タンクへ戻すこと,車体内に雨水を入れること,タイヤを内側に倒す整備,0,規則や設計思想によって前輪後流の扱いは変化します。,FIA Formula One Technical Regulations 2025 - https://www.fia.com/sites/default/files/documents/fia_2025_formula_1_technical_regulations_-_issue_03_-_2025-04-07.pdf | FIA Formula One Sporting Regulations - https://www.fia.com/regulation/category/110
gpq_10206,F1レース別出来事・マニア,F1空力・サスペンション,5,2025,技術総合,race|2025|技術総合|inwash,実戦影響：F1の「インウォッシュ」について正しい説明は？,空気を内側方向へ誘導する空力思想,燃料を内側タンクへ戻すこと,車体内に雨水を入れること,タイヤを内側に倒す整備,0,規則や設計思想によって前輪後流の扱いは変化します。,FIA Formula One Technical Regulations 2025 - https://www.fia.com/sites/default/files/documents/fia_2025_formula_1_technical_regulations_-_issue_03_-_2025-04-07.pdf | FIA Formula One Sporting Regulations - https://www.fia.com/regulation/category/110
gpq_10207,F1レース別出来事・マニア,F1空力・サスペンション,5,2025,技術総合,race|2025|技術総合|inwash,マニア向け：F1の「インウォッシュ」について正しい説明は？,タイヤを内側に倒す整備,燃料を内側タンクへ戻すこと,空気を内側方向へ誘導する空力思想,車体内に雨水を入れること,2,規則や設計思想によって前輪後流の扱いは変化します。,FIA Formula One Technical Regulations 2025 - https://www.fia.com/sites/default/files/documents/fia_2025_formula_1_technical_regulations_-_issue_03_-_2025-04-07.pdf | FIA Formula One Sporting Regulations - https://www.fia.com/regulation/category/110
gpq_10208,F1レース別出来事・マニア,F1空力・サスペンション,5,2025,技術総合,race|2025|技術総合|vortex,構造理解：F1の「ボルテックス」について正しい説明は？,渦流を利用して流れの剥離抑制やシール効果を狙う考え方,ブレーキ液の泡だけ,燃料の香り,無線の雑音,0,渦を使ってフロア端部やディフューザー周辺の流れを管理します。,FIA Formula One Technical Regulations 2025 - https://www.fia.com/sites/default/files/documents/fia_2025_formula_1_technical_regulations_-_issue_03_-_2025-04-07.pdf | FIA Formula One Sporting Regulations - https://www.fia.com/regulation/category/110
gpq_10209,F1レース別出来事・マニア,F1空力・サスペンション,5,2025,技術総合,race|2025|技術総合|vortex,空力連成：F1の「ボルテックス」について正しい説明は？,ブレーキ液の泡だけ,渦流を利用して流れの剥離抑制やシール効果を狙う考え方,燃料の香り,無線の雑音,1,渦を使ってフロア端部やディフューザー周辺の流れを管理します。,FIA Formula One Technical Regulations 2025 - https://www.fia.com/sites/default/files/documents/fia_2025_formula_1_technical_regulations_-_issue_03_-_2025-04-07.pdf | FIA Formula One Sporting Regulations - https://www.fia.com/regulation/category/110
gpq_10210,F1レース別出来事・マニア,F1空力・サスペンション,5,2025,技術総合,race|2025|技術総合|vortex,実戦影響：F1の「ボルテックス」について正しい説明は？,ブレーキ液の泡だけ,渦流を利用して流れの剥離抑制やシール効果を狙う考え方,無線の雑音,燃料の香り,1,渦を使ってフロア端部やディフューザー周辺の流れを管理します。,FIA Formula One Technical Regulations 2025 - https://www.fia.com/sites/default/files/documents/fia_2025_formula_1_technical_regulations_-_issue_03_-_2025-04-07.pdf | FIA Formula One Sporting Regulations - https://www.fia.com/regulation/category/110
gpq_10211,F1レース別出来事・マニア,F1空力・サスペンション,5,2025,技術総合,race|2025|技術総合|vortex,マニア向け：F1の「ボルテックス」について正しい説明は？,ブレーキ液の泡だけ,燃料の香り,渦流を利用して流れの剥離抑制やシール効果を狙う考え方,無線の雑音,2,渦を使ってフロア端部やディフューザー周辺の流れを管理します。,FIA Formula One Technical Regulations 2025 - https://www.fia.com/sites/default/files/documents/fia_2025_formula_1_technical_regulations_-_issue_03_-_2025-04-07.pdf | FIA Formula One Sporting Regulations - https://www.fia.com/regulation/category/110
gpq_10212,F1レース別出来事・マニア,F1空力・サスペンション,5,2025,技術総合,race|2025|技術総合|floor_edge,構造理解：F1の「フロアエッジ」について正しい説明は？,床下へ入る気流や漏れを管理する重要部位,ドライバーの靴底,ステアリング裏のラベル,燃料タンクの蓋,0,現代F1ではフロアエッジ処理がダウンフォースに大きく関わります。,FIA Formula One Technical Regulations 2025 - https://www.fia.com/sites/default/files/documents/fia_2025_formula_1_technical_regulations_-_issue_03_-_2025-04-07.pdf | FIA Formula One Sporting Regulations - https://www.fia.com/regulation/category/110
gpq_10213,F1レース別出来事・マニア,F1空力・サスペンション,5,2025,技術総合,race|2025|技術総合|floor_edge,空力連成：F1の「フロアエッジ」について正しい説明は？,燃料タンクの蓋,ドライバーの靴底,ステアリング裏のラベル,床下へ入る気流や漏れを管理する重要部位,3,現代F1ではフロアエッジ処理がダウンフォースに大きく関わります。,FIA Formula One Technical Regulations 2025 - https://www.fia.com/sites/default/files/documents/fia_2025_formula_1_technical_regulations_-_issue_03_-_2025-04-07.pdf | FIA Formula One Sporting Regulations - https://www.fia.com/regulation/category/110
gpq_10214,F1レース別出来事・マニア,F1空力・サスペンション,5,2025,技術総合,race|2025|技術総合|floor_edge,実戦影響：F1の「フロアエッジ」について正しい説明は？,ドライバーの靴底,燃料タンクの蓋,床下へ入る気流や漏れを管理する重要部位,ステアリング裏のラベル,2,現代F1ではフロアエッジ処理がダウンフォースに大きく関わります。,FIA Formula One Technical Regulations 2025 - https://www.fia.com/sites/default/files/documents/fia_2025_formula_1_technical_regulations_-_issue_03_-_2025-04-07.pdf | FIA Formula One Sporting Regulations - https://www.fia.com/regulation/category/110
gpq_10215,F1レース別出来事・マニア,F1空力・サスペンション,5,2025,技術総合,race|2025|技術総合|floor_edge,マニア向け：F1の「フロアエッジ」について正しい説明は？,ドライバーの靴底,床下へ入る気流や漏れを管理する重要部位,ステアリング裏のラベル,燃料タンクの蓋,1,現代F1ではフロアエッジ処理がダウンフォースに大きく関わります。,FIA Formula One Technical Regulations 2025 - https://www.fia.com/sites/default/files/documents/fia_2025_formula_1_technical_regulations_-_issue_03_-_2025-04-07.pdf | FIA Formula One Sporting Regulations - https://www.fia.com/regulation/category/110
gpq_10216,F1レース別出来事・マニア,F1空力・サスペンション,5,2025,技術総合,race|2025|技術総合|diffuser_stall,構造理解：F1の「ディフューザー失速」について正しい説明は？,ドライバーが無線を忘れる状態,燃料ポンプが明るく光る状態,タイヤが新品になる状態,車高や流量条件でディフューザーが狙い通り機能しなくなる状態,3,床下空力は車高・ピッチ・ヨーに敏感です。,FIA Formula One Technical Regulations 2025 - https://www.fia.com/sites/default/files/documents/fia_2025_formula_1_technical_regulations_-_issue_03_-_2025-04-07.pdf | FIA Formula One Sporting Regulations - https://www.fia.com/regulation/category/110
gpq_10217,F1レース別出来事・マニア,F1空力・サスペンション,5,2025,技術総合,race|2025|技術総合|diffuser_stall,空力連成：F1の「ディフューザー失速」について正しい説明は？,ドライバーが無線を忘れる状態,タイヤが新品になる状態,車高や流量条件でディフューザーが狙い通り機能しなくなる状態,燃料ポンプが明るく光る状態,2,床下空力は車高・ピッチ・ヨーに敏感です。,FIA Formula One Technical Regulations 2025 - https://www.fia.com/sites/default/files/documents/fia_2025_formula_1_technical_regulations_-_issue_03_-_2025-04-07.pdf | FIA Formula One Sporting Regulations - https://www.fia.com/regulation/category/110
gpq_10218,F1レース別出来事・マニア,F1空力・サスペンション,5,2025,技術総合,race|2025|技術総合|diffuser_stall,実戦影響：F1の「ディフューザー失速」について正しい説明は？,車高や流量条件でディフューザーが狙い通り機能しなくなる状態,ドライバーが無線を忘れる状態,タイヤが新品になる状態,燃料ポンプが明るく光る状態,0,床下空力は車高・ピッチ・ヨーに敏感です。,FIA Formula One Technical Regulations 2025 - https://www.fia.com/sites/default/files/documents/fia_2025_formula_1_technical_regulations_-_issue_03_-_2025-04-07.pdf | FIA Formula One Sporting Regulations - https://www.fia.com/regulation/category/110
gpq_10219,F1レース別出来事・マニア,F1空力・サスペンション,5,2025,技術総合,race|2025|技術総合|diffuser_stall,マニア向け：F1の「ディフューザー失速」について正しい説明は？,タイヤが新品になる状態,ドライバーが無線を忘れる状態,燃料ポンプが明るく光る状態,車高や流量条件でディフューザーが狙い通り機能しなくなる状態,3,床下空力は車高・ピッチ・ヨーに敏感です。,FIA Formula One Technical Regulations 2025 - https://www.fia.com/sites/default/files/documents/fia_2025_formula_1_technical_regulations_-_issue_03_-_2025-04-07.pdf | FIA Formula One Sporting Regulations - https://www.fia.com/regulation/category/110
gpq_10220,F1レース別出来事・マニア,F1タイヤ・戦略,5,2025,技術総合,race|2025|技術総合|tyre_warmup,構造理解：F1の「タイヤウォームアップ」について正しい説明は？,ヘルメットを磨く作業,タイヤを冷凍する作業,燃料を温めるだけの作業,作動温度域にタイヤを入れてグリップを得ること,3,アウトラップや予選準備で重要になります。,FIA Formula One Technical Regulations 2025 - https://www.fia.com/sites/default/files/documents/fia_2025_formula_1_technical_regulations_-_issue_03_-_2025-04-07.pdf | FIA Formula One Sporting Regulations - https://www.fia.com/regulation/category/110
gpq_10221,F1レース別出来事・マニア,F1タイヤ・戦略,5,2025,技術総合,race|2025|技術総合|tyre_warmup,空力連成：F1の「タイヤウォームアップ」について正しい説明は？,作動温度域にタイヤを入れてグリップを得ること,タイヤを冷凍する作業,燃料を温めるだけの作業,ヘルメットを磨く作業,0,アウトラップや予選準備で重要になります。,FIA Formula One Technical Regulations 2025 - https://www.fia.com/sites/default/files/documents/fia_2025_formula_1_technical_regulations_-_issue_03_-_2025-04-07.pdf | FIA Formula One Sporting Regulations - https://www.fia.com/regulation/category/110
gpq_10222,F1レース別出来事・マニア,F1タイヤ・戦略,5,2025,技術総合,race|2025|技術総合|tyre_warmup,実戦影響：F1の「タイヤウォームアップ」について正しい説明は？,ヘルメットを磨く作業,タイヤを冷凍する作業,燃料を温めるだけの作業,作動温度域にタイヤを入れてグリップを得ること,3,アウトラップや予選準備で重要になります。,FIA Formula One Technical Regulations 2025 - https://www.fia.com/sites/default/files/documents/fia_2025_formula_1_technical_regulations_-_issue_03_-_2025-04-07.pdf | FIA Formula One Sporting Regulations - https://www.fia.com/regulation/category/110
gpq_10223,F1レース別出来事・マニア,F1タイヤ・戦略,5,2025,技術総合,race|2025|技術総合|tyre_warmup,マニア向け：F1の「タイヤウォームアップ」について正しい説明は？,燃料を温めるだけの作業,タイヤを冷凍する作業,作動温度域にタイヤを入れてグリップを得ること,ヘルメットを磨く作業,2,アウトラップや予選準備で重要になります。,FIA Formula One Technical Regulations 2025 - https://www.fia.com/sites/default/files/documents/fia_2025_formula_1_technical_regulations_-_issue_03_-_2025-04-07.pdf | FIA Formula One Sporting Regulations - https://www.fia.com/regulation/category/110
gpq_10224,F1レース別出来事・マニア,F1タイヤ・戦略,5,2025,技術総合,race|2025|技術総合|undercut,構造理解：F1の「アンダーカット成立条件」について正しい説明は？,ピットが存在しないこと,古いタイヤが必ず速いこと,順位を抽選で決めること,新品タイヤの速さがピットロスやアウトラップ差を上回ること,3,トラックポジションとタイヤ温度、渋滞状況が影響します。,FIA Formula One Technical Regulations 2025 - https://www.fia.com/sites/default/files/documents/fia_2025_formula_1_technical_regulations_-_issue_03_-_2025-04-07.pdf | FIA Formula One Sporting Regulations - https://www.fia.com/regulation/category/110
gpq_10225,F1レース別出来事・マニア,F1タイヤ・戦略,5,2025,技術総合,race|2025|技術総合|undercut,空力連成：F1の「アンダーカット成立条件」について正しい説明は？,古いタイヤが必ず速いこと,新品タイヤの速さがピットロスやアウトラップ差を上回ること,順位を抽選で決めること,ピットが存在しないこと,1,トラックポジションとタイヤ温度、渋滞状況が影響します。,FIA Formula One Technical Regulations 2025 - https://www.fia.com/sites/default/files/documents/fia_2025_formula_1_technical_regulations_-_issue_03_-_2025-04-07.pdf | FIA Formula One Sporting Regulations - https://www.fia.com/regulation/category/110
gpq_10226,F1レース別出来事・マニア,F1タイヤ・戦略,5,2025,技術総合,race|2025|技術総合|undercut,実戦影響：F1の「アンダーカット成立条件」について正しい説明は？,ピットが存在しないこと,古いタイヤが必ず速いこと,順位を抽選で決めること,新品タイヤの速さがピットロスやアウトラップ差を上回ること,3,トラックポジションとタイヤ温度、渋滞状況が影響します。,FIA Formula One Technical Regulations 2025 - https://www.fia.com/sites/default/files/documents/fia_2025_formula_1_technical_regulations_-_issue_03_-_2025-04-07.pdf | FIA Formula One Sporting Regulations - https://www.fia.com/regulation/category/110
gpq_10227,F1レース別出来事・マニア,F1タイヤ・戦略,5,2025,技術総合,race|2025|技術総合|undercut,マニア向け：F1の「アンダーカット成立条件」について正しい説明は？,順位を抽選で決めること,新品タイヤの速さがピットロスやアウトラップ差を上回ること,ピットが存在しないこと,古いタイヤが必ず速いこと,1,トラックポジションとタイヤ温度、渋滞状況が影響します。,FIA Formula One Technical Regulations 2025 - https://www.fia.com/sites/default/files/documents/fia_2025_formula_1_technical_regulations_-_issue_03_-_2025-04-07.pdf | FIA Formula One Sporting Regulations - https://www.fia.com/regulation/category/110
